,255S,249S,239S,232S,229S,128S,123S,224S,301S,248S,256S,233S,250S,132S,127S,225S,257S,234S,230S,251S,226S,231S,137S,235S,227S,252S,120S,236S,237S,253S,302S,228S,254S,238S
116100_3..S01R::1404360000.0,5,,,,,,,,,,-14,,,,,,69,,,,,,,,,,,,,,,,,
116900_3..S01R::1404360000.0,4,16,,,,,,,,,16,,5,,,,68,,,-8,,,,,,-8,,,,-3,,,-2,
117700_3..S01R::1404360000.0,11,0,6,,,,,,,2,43,,-7,,,,68,,,-4,,,,,,7,,,,-15,,,21,
118500_3..S01R::1404360000.0,29,2,3,-2,,,,,,8,5,4,24,,,,59,16,,23,,,,18,,-12,,-2,17,12,,,-1,16
119200_3..S01R::1404360000.0,28,-3,13,-2,13,,,,,2,63,8,17,,,,48,-3,5,3,,-7,,36,,5,,7,-5,7,,,5,23
120100_3..S01R::1404360000.0,146,-14,6,14,16,20,,,,27,26,19,9,1,,,26,26,-2,16,,12,30,-12,,11,,-9,17,12,,18,22,-14
121000_3..S01R::1404360000.0,-2,-10,5,12,47,-5,-4,,,16,13,9,20,-1,33,,51,19,7,-10,,11,38,4,,-26,,-11,8,-18,,14,-9,1
122000_3..S01R::1404360000.0,0,-7,15,12,27,23,-3,14,,-36,20,20,15,-93,2,6,37,33,-1,15,9,12,-21,10,7,25,17,-15,9,-11,,6,-3,4
123000_3..S01R::1404360000.0,6,-1,27,-24,50,15,5,-4,41,1,-4,20,-8,22,14,-9,46,8,5,-4,14,10,22,27,8,-4,20,0,64,-33,134,21,0,0
124000_3..S01R::1404360000.0,11,-20,13,11,25,1,9,-9,-19,7,9,13,53,-8,10,-7,63,0,-9,-28,-37,-11,4,12,-3,-15,11,22,28,-5,6,4,10,20
125000_3..S01R::1404360000.0,14,-13,9,-12,27,6,0,4,11,23,5,0,11,-17,16,-37,44,20,9,20,0,10,36,30,-1,-8,2,5,-2,-2,-3,42,9,11
117300_3..S01R::1404360000.0,24,7,,,,,,,,7,20,,4,,,,44,,,15,,,,,,-5,,,,-1,,,15,
126000_3..S01R::1404360000.0,11,8,0,3,3,-3,-8,-9,11,12,241,-11,10,14,7,-12,60,11,25,-13,-5,-36,-2,24,-8,9,13,1,-2,-9,-10,0,1,17
127200_3..S01R::1404360000.0,1,-59,-19,1,39,23,21,-9,-19,20,20,5,9,11,40,77,64,23,8,7,14,-2,44,24,1445,13,23,5,0,-11,6,24,-6,-1
128400_3..S01R::1404360000.0,,,,,,,,,731,,,,,,,,,,,,,,,,,,,,,,,,,
129600_3..S01R::1404360000.0,7,16,-2,,,,,,-169,23,-1,,10,,,,57,,,14,,,,131,,-12,,-11,17,-3,,,-2,4
130800_3..S01R::1404360000.0,-11,-7,29,18,10,16,54,5,131,-7,8,10,14,18,32,4,67,20,16,14,11,-3,-6,-1,3,-12,-2,2,5,-4,-11,31,9,34
132050_3..S01R::1404360000.0,,,,,,,,,-529,,,,,,,,,,,,,,,,,,,,,,,,,
129800_3..S01R::1404360000.0,13,-7,25,13,0,-1,,,,0,-3,15,33,22,,,62,-60,17,8,,11,31,-12,,11,,14,2,8,,8,9,-11
133350_3..S01R::1404360000.0,-8,-28,2,-9,2,-1,3,-10,11,9,19,2,16,15,-31,-13,45,16,-15,-15,-3,9,2,9,-6,-4,83,0,-11,6,-14,2,-34,12
130600_3..S01R::1404360000.0,23,2,16,,,,,,,7,410,,16,,,,58,,,4,,,,41,,11,,10,1,17,,,17,35
131000_3..S01R::1404360000.0,-6,15,14,10,12,19,,,,7,-10,-5,8,-3,,,62,22,355,0,,1,-3,26,,-11,,11,1,3,,4,12,-8
134650_3..S01R::1404360000.0,,,,,,,,,-949,,,,,,,,,,,,,,,,,,,,,,,,,
131900_3..S01R::1404360000.0,19,-9,62,,,,,,,-7,63,,-20,,,,57,,,3,,,,36,,11,,6,-9,14,,,13,-13
135850_3..S01R::1404360000.0,13,8,24,11,-7,-2,-3,-14,-79,6,-6,-12,1,9,-5,13,53,117,36,-13,10,3,17,26,7,-9,63,-7,-20,-2,1,11,5,33
137050_3..S01R::1404360000.0,,,,,,,,,-829,,,,,,,,,,,,,,,,,,,,,,,,,
138250_3..S01R::1404360000.0,,14,10,17,0,-21,-149,32,-19,16,,-3,-63,-20,143,-9,,16,16,,-8,16,13,26,10,,-6,-5,19,,-13,1,,15
140250_3..S42R::1404360000.0,,,,,,,-241,5,-49,,,,,,40,-2,,,,,-35,,,,-41,,90,,,,-15,,,
142650_3..S42R::1404360000.0,,,,,,,-441,12,11,,,,,,,8,,,,,-16,,,,14,,74,,,,-6,,,
000300_3..S42R::1404360000.0,,,,,,,,,-199,,,,,,,,,,,,,,,,,,,,,,,,,
002300_3..S42R::1404360000.0,,,,,,,,,-1399,,,,,,,,,,,,,,,,,,,,,,,,,
000300_3..S42R::1404446400.0,,,,,,,-220,-20,-199,,,,,,14,-19,,,,,-56,,,,-10,,-10,,,,-5,,,
002300_3..S42R::1404446400.0,,,,,,,-202,9,-1399,,,,,,17,7,,,,,11,,,,8,,26,,,,0,,,
138250_3..S01R::1404446400.0,-1,,,,,,,,,,45,,23,,,,53,,,4,,,,,,13,,,,-10,,,-24,
142650_3..S42R::1404446400.0,,,,,,,-276,,,,,,,,42,,,,,,,,,,,,,,,,,,,
004300_3..S42R::1404446400.0,,,,,,,-222,15,41,,,,,,19,-17,,,,,-11,,,,-12,,-19,,,,0,,,
006300_3..S42R::1404446400.0,,,,,,,-218,4,11,,,,,,35,-35,,,,,-1,,,,-48,,29,,,,-15,,,
008300_3..S42R::1404446400.0,,,,,,,-212,-7,41,,,,,,43,-5,,,,,-11,,,,-8,,-6,,,,0,,,
010300_3..S42R::1404446400.0,,,,,,,-220,-8,-19,,,,,,38,-7,,,,,3,,,,-22,,-12,,,,0,,,
012300_3..S42R::1404446400.0,,,,,,,-196,3,41,,,,,,16,5,,,,,-59,,,,-11,,12,,,,-21,,,
014300_3..S42R::1404446400.0,,,,,,,-217,2,-19,,,,,,20,2,,,,,8,,,,7,,-3,,,,-20,,,
016300_3..S42R::1404446400.0,,,,,,,-190,12,11,,,,,,18,1,,,,,2,,,,23,,13,,,,-4,,,
018300_3..S42R::1404446400.0,,,,,,,-201,-91,-49,,,,,,34,-22,,,,,-12,,,,-8,,60,,,,7,,,
020300_3..S42R::1404446400.0,,,,,,,-214,10,-19,,,,,,16,-17,,,,,-5,,,,0,,13,,,,-5,,,
022300_3..S42R::1404446400.0,,,,,,,-202,0,11,,,,,,43,2,,,,,-19,,,,-17,,59,,,,3,,,
024300_3..S42R::1404446400.0,,,,,,,-226,-65,-19,,,,,,33,-17,,,,,-12,,,,-14,,3,,,,1,,,
026300_3..S42R::1404446400.0,,,,,,,-199,-6,221,,,,,,31,16,,,,,-13,,,,12,,9,,,,3,,,
028300_3..S42R::1404446400.0,,,,,,,-183,9,11,,,,,,21,11,,,,,-20,,,,-15,,-3,,,,1,,,
030300_3..S42R::1404446400.0,,,,,,,-201,-5,-19,,,,,,35,-3,,,,,3,,,,-26,,17,,,,6,,,
032100_3..S01R::1404446400.0,-10,11,19,-9,-4,8,11,-13,-19,9,-16,-2,11,-2,60,-12,14,27,13,-14,-4,-9,-37,-15,-4,-24,9,2,1,4,3,23,11,2
033400_3..S42R::1404446400.0,,,,,,,11,-19,41,,,,,,39,-17,,,,,-8,,,,-7,,8,,,,-13,,,
034100_3..S01R::1404446400.0,-13,-4,3,2,-3,-14,-2,3,41,-7,-18,-12,-1,22,12,6,62,17,-3,-18,-16,-9,13,13,-11,4,-6,2,4,-12,-15,12,1,11
035300_3..S42R::1404446400.0,,,,,,,-5,-3,-19,,,,,,40,-13,,,,,10,,,,7,,1,,,,67,,,
035650_3..S01R::1404446400.0,11,2,-33,-1,0,-10,16,-8,11,-6,0,10,3,2,21,-10,69,0,-12,-14,0,-9,23,15,-2,7,-8,4,2,-13,-16,-3,-2,8
036850_3..S01R::1404446400.0,13,-10,11,4,7,11,-3,-11,-19,18,4,9,16,9,14,-11,67,1,17,-13,-77,12,16,-12,3,2,10,8,2,-14,6,33,1,-11
038050_3..S01R::1404446400.0,16,19,15,10,8,24,20,-33,11,21,4,-9,30,31,-7,-7,72,14,3,-10,-3,1,31,16,-6,1,-6,-6,18,6,-6,15,10,18
039250_3..S01R::1404446400.0,9,11,63,10,8,-10,9,6,-19,5,-25,62,11,-12,14,5,42,171,23,2,-20,0,9,1,12,7,13,-16,9,-13,-11,11,3,11
040400_3..S01R::1404446400.0,-9,-37,40,1,22,12,-5,6,-19,-5,-13,7,-30,30,56,9,63,10,12,-12,11,-1,37,9,-3,7,56,-17,0,-11,-21,51,7,18
041600_3..S01R::1404446400.0,-5,9,10,4,18,27,-8,3,-19,0,-11,-66,-24,-6,46,0,52,45,10,8,9,-5,1,2,9,-17,64,-16,-17,-3,11,4,10,12
042800_3..S01R::1404446400.0,12,6,18,-7,-1,-14,22,44,11,4,-2,5,-31,-65,8,-19,40,22,13,4,-13,14,16,15,17,-15,-5,0,-4,-4,12,3,8,-1
044000_3..S01R::1404446400.0,-2,-8,19,-7,-8,-2,10,1,-19,19,-6,2,50,12,2,-1,54,-1,13,8,7,-10,80,-2,9,-6,93,-13,-14,7,8,18,15,-9
045200_3..S01R::1404446400.0,-20,-10,24,-17,-11,11,-12,-7,-19,15,6,-1,-11,-4,6,-8,52,28,13,-2,0,3,151,14,-3,12,55,4,4,-9,3,7,1,4
046400_3..S01R::1404446400.0,20,14,25,15,14,21,21,15,11,15,4,-10,-29,16,30,6,49,34,-4,5,5,11,39,18,-1,11,13,-2,-8,14,11,22,20,21
047600_3..S01R::1404446400.0,-11,-9,20,-9,12,63,20,1,11,23,6,-8,-16,-5,20,-8,42,41,19,7,23,-5,29,2,-4,15,8,10,-4,12,-14,7,12,11
048800_3..S01R::1404446400.0,-67,12,4,4,8,6,7,-4,11,8,-22,-9,66,-6,84,-10,59,85,-1,18,-38,-6,24,9,1,6,8,-2,0,5,17,23,11,6
050000_3..S01R::1404446400.0,14,16,22,16,0,20,7,3,41,13,2,-14,-20,-4,14,-46,62,4,13,-5,-9,-10,44,28,11,-3,52,1,-7,2,-32,13,7,9
051200_3..S01R::1404446400.0,15,-17,18,7,16,9,29,-1,11,10,3,-8,41,-5,10,-1,34,19,6,-13,5,-31,56,4,1,5,0,-45,-9,-12,-15,5,3,-4
052400_3..S01R::1404446400.0,-24,-1,4,-8,20,-9,11,5,11,-7,-31,-5,-29,-11,86,5,9,50,7,7,-17,-12,-20,7,-16,-3,13,-9,18,9,-10,15,-7,17
053600_3..S01R::1404446400.0,-7,7,49,-1,-9,9,-5,34,11,-28,-44,-14,-20,-3,11,9,51,47,16,0,-20,-6,66,12,13,-12,1,4,8,-3,-10,11,13,-12
054800_3..S01R::1404446400.0,2,3,23,11,15,10,22,6,11,14,-6,-5,85,19,25,-8,49,24,-2,21,-6,5,18,-7,22,18,22,8,3,-6,-27,198,-6,2
056000_3..S01R::1404446400.0,12,-15,34,6,-3,11,-7,16,71,12,5,6,-19,12,-1,-7,47,23,-10,-9,11,-3,27,11,7,7,-3,-1,-5,-10,4,-12,1,-3
057200_3..S01R::1404446400.0,3,11,17,-6,20,0,-12,7,11,8,270,2,-48,132,4,-1,34,44,-10,6,12,11,18,13,-8,-8,9,-1,-6,5,5,69,-9,-7
058400_3..S01R::1404446400.0,-5,-13,35,2,3,-3,0,-17,-19,14,79,0,-14,11,54,-18,36,26,11,-16,-11,3,15,-5,-11,-3,53,11,9,4,-6,7,14,12
059600_3..S01R::1404446400.0,9,-1,23,-9,10,29,9,-9,11,-6,1,2,-34,-8,54,13,42,31,-3,-7,-14,36,17,-15,13,7,16,0,-3,-14,-4,10,-1,-30
060800_3..S01R::1404446400.0,-2,-5,16,18,18,12,4,7,11,-4,-11,16,-15,15,40,1,45,30,24,-8,1,-11,10,17,24,0,8,-13,10,11,-2,-1,19,-1
062000_3..S01R::1404446400.0,12,-9,17,-5,-8,8,19,18,-19,16,-1,3,-14,-12,60,9,69,1,16,4,8,-9,16,174,5,14,-4,10,4,-9,9,10,-27,2
063200_3..S01R::1404446400.0,-6,-67,11,9,17,3,1,5,11,-24,-13,-4,47,14,15,6,47,24,0,-2,-12,-5,1,-11,-11,16,5,-21,-16,-5,-3,-8,10,-8
064400_3..S01R::1404446400.0,4,-2,14,-12,-1,29,18,16,-19,-1,-9,11,-8,-5,57,-20,67,-22,15,-9,-13,18,28,-24,12,4,-6,-7,-9,-15,8,-8,-7,-8
065600_3..S01R::1404446400.0,-15,1,-8,-1,14,9,16,-8,-49,-7,8,9,28,-4,15,-7,64,39,9,-7,1,-6,29,10,3,10,99,2,-2,-10,9,7,4,-1
066800_3..S01R::1404446400.0,20,17,-1,5,7,12,-25,-1,11,-10,5,9,-26,11,13,18,41,20,14,5,-5,0,0,10,17,10,-7,-10,15,13,-10,25,19,14
068000_3..S01R::1404446400.0,-1,-64,-1,8,3,18,55,-24,11,15,13,-7,-10,17,29,-42,65,17,-7,-8,-5,1,8,12,-14,5,7,-9,16,-20,-21,0,-10,14
069200_3..S01R::1404446400.0,-3,7,33,4,-22,5,25,24,-19,11,11,-5,-1,25,24,10,71,43,16,0,-2,11,-22,20,-8,0,8,22,-20,1,19,28,-5,-3
070400_3..S01R::1404446400.0,-3,2,48,-19,-8,-36,-2,1,-19,-4,-8,-2,-30,-12,10,4,52,27,18,8,-19,10,50,10,-15,-1,51,-13,-12,15,-9,7,17,-6
071600_3..S01R::1404446400.0,2,14,145,17,-6,18,3,5,11,13,-10,-3,-21,-4,28,-3,26,21,16,8,-1,18,7,10,-8,17,16,-12,13,-6,-14,-2,-1,12
072800_3..S01R::1404446400.0,-13,-22,29,11,13,4,25,15,71,13,7,-63,-24,14,17,8,42,42,4,11,8,12,7,7,2,-8,23,-8,-11,1,71,28,8,-12
074000_3..S01R::1404446400.0,6,11,39,-4,12,12,22,-13,11,16,17,17,-2,44,29,12,59,210,24,5,16,6,6,12,10,3,9,9,-3,-5,16,17,17,10
075200_3..S01R::1404446400.0,8,3,11,5,15,0,12,3,11,-1,-1,1,26,-8,22,-1,62,25,-2,-1,-9,3,14,24,16,12,18,-3,-9,-12,-9,18,-3,-11
076400_3..S01R::1404446400.0,-24,-8,21,12,15,-7,16,-7,11,-14,0,-3,-47,7,26,19,63,89,1,-10,13,10,7,17,-11,6,-3,-1,0,-17,0,5,-5,-1
077600_3..S01R::1404446400.0,-2,-3,26,17,19,6,-2,14,11,-1,-10,-11,-5,19,15,9,61,10,-2,-4,16,10,6,6,4,4,26,16,7,8,-2,1,-10,8
078800_3..S01R::1404446400.0,-3,11,31,1,4,-5,15,4,11,15,17,-2,20,1,22,-6,67,13,13,26,-6,-4,24,26,-9,23,15,4,-8,-7,2,15,-3,13
080000_3..S01R::1404446400.0,6,-11,26,12,10,8,0,-11,11,14,-1,-4,-15,18,46,-13,43,54,-2,-1,-10,4,12,13,-13,8,11,3,3,-13,-11,19,-5,10
081200_3..S01R::1404446400.0,-11,-6,14,0,11,36,30,-5,11,-34,10,-3,-20,19,29,-11,37,9,18,-13,17,9,33,24,6,-5,21,-9,11,2,30,17,12,0
082400_3..S01R::1404446400.0,0,7,20,-12,8,16,14,12,-19,8,-13,12,-29,-3,7,4,32,178,25,0,-7,-17,26,9,14,15,19,13,8,23,144,18,-11,2
083600_3..S01R::1404446400.0,-8,4,6,18,17,12,-4,10,11,-1,13,-17,-34,-3,70,2,38,8,1,-14,9,5,28,0,10,-6,12,-11,-15,5,-14,20,-12,-11
084800_3..S01R::1404446400.0,-7,-10,20,-1,361,10,-12,8,-19,19,10,3,-23,-12,48,-1,47,3,25,-3,1,-8,19,21,-3,8,2,0,-3,14,-8,-7,17,-1
086000_3..S01R::1404446400.0,-1,-16,26,-16,7,142,12,-9,11,17,143,-5,-17,1,17,-6,65,19,-3,-13,4,-26,11,-9,-14,1,6,7,-27,9,-9,9,-12,4
087200_3..S01R::1404446400.0,4,18,21,16,17,41,23,14,92,19,20,6,-24,4,-24,1,66,26,19,0,-14,-9,34,13,7,4,19,17,7,-3,-37,37,0,2
088400_3..S01R::1404446400.0,-10,9,16,1,-11,22,9,1,11,7,12,4,-27,11,27,3,48,11,34,6,0,7,20,24,19,14,16,21,5,15,-5,9,17,6
089600_3..S01R::1404446400.0,6,-12,-3,0,-4,-4,20,36,-49,15,-2,2,18,-7,9,-4,67,25,14,-2,-1,-3,27,17,-8,3,2,0,-13,-19,46,23,-4,17
090800_3..S01R::1404446400.0,8,7,19,-3,-5,7,4,5,-19,2,4,1,-21,-4,53,3,50,54,15,-9,-23,0,8,-2,12,3,69,-11,-11,-16,-16,18,-1,-11
092000_3..S01R::1404446400.0,2,-8,41,8,15,18,20,3,11,17,-11,21,-16,17,31,-7,43,13,0,14,-12,10,9,0,14,0,5,-12,14,8,81,16,-8,3
093200_3..S01R::1404446400.0,-10,-12,7,3,12,-15,19,-3,11,14,12,11,-21,5,5,22,51,25,0,0,14,1,21,0,9,-13,-76,11,1,-2,-16,15,9,-5
094400_3..S01R::1404446400.0,4,-67,22,10,16,11,3,-14,-19,18,-33,10,-51,41,35,-15,67,4,8,-15,-12,16,15,10,10,-1,76,-4,-1,8,-11,15,-10,-2
095600_3..S01R::1404446400.0,1,-7,25,-4,15,17,-4,-6,11,-30,-8,6,-8,19,73,17,59,28,3,4,15,-6,14,-2,12,19,9,10,1,16,6,14,-11,0
096800_3..S01R::1404446400.0,-9,21,34,11,18,28,24,24,71,22,7,17,-17,29,28,8,67,34,27,10,6,16,32,21,0,-4,5,-11,-15,4,8,13,11,-12
098000_3..S01R::1404446400.0,5,-8,23,5,12,-2,-78,14,11,-5,-2,12,-12,-1,8,7,56,31,-7,0,1,6,17,18,-5,11,-13,0,-5,-13,-3,9,-4,-4
099200_3..S01R::1404446400.0,-13,9,-7,10,-7,22,26,-70,-19,3,12,-17,39,-1,7,-10,43,75,13,-6,-6,8,-1,-1,-5,9,81,-13,-9,-10,0,6,6,-4
100400_3..S01R::1404446400.0,8,-4,39,-3,-1,7,18,-12,-19,-7,-2,5,-11,-12,60,11,40,24,15,-2,-16,-7,19,-11,11,11,-4,4,0,-12,-18,16,0,2
101600_3..S01R::1404446400.0,-2,-7,12,13,-5,0,20,-10,11,-2,12,11,-20,7,38,13,59,27,12,-1,1,14,26,-3,-5,0,66,4,-2,21,10,17,19,-4
102800_3..S01R::1404446400.0,-9,-7,29,-2,0,15,-9,2,-19,16,10,2,16,-65,21,32,54,-5,-12,10,4,-1,23,16,1,-10,-7,5,2,-3,31,-6,10,5
104000_3..S01R::1404446400.0,11,8,13,15,26,39,11,-2,11,7,0,-9,-28,23,76,-45,63,41,64,10,-4,18,3,23,-7,-6,22,2,-1,0,10,27,3,-33
105200_3..S01R::1404446400.0,-11,11,3,11,20,4,2,8,11,9,7,-1,-20,8,20,0,60,14,-6,15,-11,19,25,20,15,-2,10,0,-3,5,-4,22,12,-3
106400_3..S01R::1404446400.0,,,,-3,27,38,30,24,131,,,1,,45,40,2,,16,34,,-8,9,39,8,11,,27,8,-4,,11,20,,431
107700_3..S01R::1404446400.0,-15,7,35,-12,18,20,7,-15,41,3,33,4,-31,-4,41,-18,57,5,4,-2,-12,18,19,7,14,10,0,-7,8,-11,-5,16,3,-26
108850_3..S01R::1404446400.0,2,-2,8,18,21,17,18,-6,-19,-3,106,-10,-13,5,26,-9,59,35,37,17,3,34,35,-5,5,24,11,-6,-12,-3,114,20,3,18
110050_3..S01R::1404446400.0,2,20,2,21,3,7,29,-4,-19,20,19,9,-22,-23,21,-11,54,56,15,0,-12,7,22,2,13,13,31,10,1,-11,9,-1,-5,-6
111250_3..S01R::1404446400.0,,,,-6,41,30,6,-8,-19,,,-7,,1,17,13,,11,8,,-12,6,27,15,-25,,10,32,-19,,49,45,,
112450_3..S01R::1404446400.0,9,-1,-7,8,34,34,20,-9,11,3,-3,9,-34,17,30,-12,66,25,34,1,-51,14,18,10,-6,13,-1,24,8,-61,1,10,-2,7
113650_3..S01R::1404446400.0,15,-6,25,22,44,53,25,9,11,-8,5,-1,-68,18,43,-4,67,-14,23,-10,15,6,50,28,-4,-5,17,1,19,1,40,12,8,11
106400_3..S::1404446400.0,,5,28,,,,,,,9,15,,-3,,,,66,,,,,,,,,,,,,10,,,,461
114850_3..S01R::1404446400.0,-7,-2,7,0,24,36,7,2,-19,-6,-10,-16,-91,26,37,-2,39,-14,14,7,1,42,14,-1,-1,-9,18,-18,-18,2,76,-28,10,-12
116050_3..S01R::1404446400.0,2,-1,18,-7,42,84,11,-4,-19,-1,142,0,-62,31,49,0,66,-11,23,-1,9,3,33,9,-1,10,-10,-13,13,-12,101,16,-7,8
117250_3..S01R::1404446400.0,4,2,26,14,32,32,3,3,-19,3,-5,10,-93,25,25,177,57,-27,19,15,2,32,43,-4,-4,9,32,-14,13,-13,-1,15,-4,16
118450_3..S01R::1404446400.0,0,-7,5,12,41,36,28,3,71,-3,-7,-1,-74,11,46,-4,49,-13,-18,-3,-7,34,45,3,-11,1,19,7,5,8,14,25,-11,7
119650_3..S01R::1404446400.0,10,-15,3,13,16,13,-1,-7,11,10,95,12,-76,8,90,-9,39,-27,50,-14,-1,-18,5,6,-3,0,-1,-3,-1,-18,0,11,2,5
111250_3..S::1404446400.0,18,,78,,,,,,,,,,7,,,,52,,,,,,,,,,,,611,3,,,,15
120850_3..S01R::1404446400.0,9,17,11,20,437,76,20,10,11,23,19,-4,-86,56,88,8,65,-15,60,19,6,20,35,13,25,17,49,-10,15,21,-9,32,15,12
122050_3..S01R::1404446400.0,2,10,11,15,68,56,20,-9,-19,12,16,-62,-84,11,31,12,59,-15,7,7,-15,15,29,20,16,15,13,-1,1,-11,2,35,-5,1
123250_3..S01R::1404446400.0,,4,25,13,26,33,19,-4,-19,13,,-9,-65,31,157,-7,,-16,26,4,-1,32,36,-3,-2,10,78,12,8,,-6,-9,,6
124450_3..S01R::1404446400.0,,,,,16,1,44,4,11,,,,,-3,23,-3,,,-9,,-3,,4,,-9,,-9,,,,-4,26,,
125650_3..S01R::1404446400.0,5,-61,-4,-2,23,23,42,-3,-19,19,20,1,-78,1,5,57,64,-13,-2,17,-16,9,26,8,-16,-4,21,13,8,-2,-2,21,-1,9
126850_3..S01R::1404446400.0,-2,-14,-17,-16,17,1,1,12,-49,18,19,-17,-81,5,14,3,51,-15,3,13,9,17,52,27,4,-1,3,2,-6,9,-10,7,-12,-9
128050_3..S01R::1404446400.0,-15,8,3,-6,-17,12,139,-11,-19,0,159,0,-90,0,22,-14,3,-31,27,6,-10,4,14,-8,-13,13,-12,8,6,-11,3,10,1,7
129250_3..S01R::1404446400.0,-2,-1,7,32,18,3,-1,13,-19,3,9,47,-86,15,12,9,58,-10,18,-2,12,7,7,5,6,-10,1,8,-1,-6,12,-1,-37,18
130450_3..S01R::1404446400.0,24,17,22,-11,14,4,9,-4,-19,26,94,18,-95,1,10,16,49,3,111,16,7,193,27,29,0,21,25,19,23,-10,7,17,20,18
124450_3..S::1404446400.0,1,-8,7,28,,,,,,-3,-12,-1,-95,,,,59,-12,281,-1,,,,6,,-3,,-14,13,-13,,,-24,-14
131650_3..S01R::1404446400.0,,,,,,,1,-5,11,,,,,,-22,17,,,,,14,,,,6,,10,,,,11,,,
133150_3..S01R::1404446400.0,,,,,,,-11,-14,-19,,,,,,-26,-15,,,,,-9,,,,18,,-10,,,,-1,,,
123250_3..S::1404446400.0,,,,,,,,,,,,,,,,,62,,,,,,,,,,,,,881,,,,
134850_3..S01R::1404446400.0,10,9,1,7,5,21,4,4,41,11,-2,8,-27,1,26,-2,57,13,20,-1,-6,20,16,27,21,-3,16,-5,-9,2,0,42,4,-54
136550_3..S01R::1404446400.0,6,0,1,14,-22,6,25,10,11,7,17,-1,0,22,56,5,47,13,14,-2,2,26,2,33,1,7,6,1,14,-12,-8,19,-4,14
131650_3..S::1404446400.0,14,-9,15,35,24,23,,,,23,-7,30,-56,20,191,,38,-3,-7,14,,24,33,37,,20,,-7,15,19,,22,15,6
133150_3..S::1404446400.0,3,7,14,16,6,36,,,,3,-6,23,-20,10,-19,,58,16,21,0,,53,27,12,,2,,10,2,11,,14,-8,-11
138450_3..S01R::1404446400.0,,,15,22,12,2,4,-10,-19,-10,,3,,8,20,-25,,59,26,,0,23,26,19,20,,19,12,2,,5,19,,21
140300_3..S42R::1404446400.0,,,,,,,-183,9,-19,,,,,,30,-1,,,,,4,,,,0,,-1,,,,4,,,
142700_3..S42R::1404446400.0,,,,,,,,16,41,,,,,,,3,,,,,8,,,,-24,,8,,,,9,,,
000300_3..S42R::1404532800.0,,,,,,,-186,2,-199,,,,,,42,-15,,,,,-9,,,,-13,,-1,,,,20,,,
002300_3..S42R::1404532800.0,,,,,,,-191,15,-1399,,,,,,31,7,,,,,-4,,,,16,,-7,,,,14,,,
138450_3..S01R::1404532800.0,-4,-9,-43,0,21,3,5,-36,-19,,7,11,-21,52,6,9,58,199,13,-25,-43,9,19,10,10,1,8,8,24,4,78,13,-36,3
142700_3..S42R::1404532800.0,,,,,,,-360,11,11,,,,,,10,2,,,,,0,,,,-43,,29,,,,-2,,,
004300_3..S42R::1404532800.0,,,,,,,-182,3,11,,,,,,42,21,,,,,6,,,,2,,2,,,,-8,,,
006300_3..S42R::1404532800.0,,,,,,,-194,-3,41,,,,,,4,82,,,,,-13,,,,-14,,-17,,,,6,,,
008300_3..S42R::1404532800.0,,,,,,,-211,14,71,,,,,,30,3,,,,,-3,,,,-6,,-9,,,,10,,,
010300_3..S42R::1404532800.0,,,,,,,-217,2,-19,,,,,,42,-3,,,,,1,,,,-2,,12,,,,-5,,,
012300_3..S42R::1404532800.0,,,,,,,-191,-15,-19,,,,,,19,-12,,,,,-3,,,,-1,,-8,,,,-1,,,
014300_3..S42R::1404532800.0,,,,,,,-202,1,11,,,,,,23,0,,,,,-9,,,,20,,9,,,,-14,,,
016300_3..S42R::1404532800.0,,,,,,,-248,89,-19,,,,,,17,-9,,,,,-1,,,,-3,,-20,,,,8,,,
018300_3..S42R::1404532800.0,,,,,,,-226,10,11,,,,,,26,-20,,,,,-12,,,,-12,,-28,,,,-12,,,
020300_3..S42R::1404532800.0,,,,,,,-193,-10,-19,,,,,,16,-12,,,,,-8,,,,15,,7,,,,8,,,
022300_3..S42R::1404532800.0,,,,,,,-218,10,-19,,,,,,30,-20,,,,,-14,,,,-4,,-7,,,,-2,,,
024300_3..S42R::1404532800.0,,,,,,,-213,-67,-19,,,,,,36,18,,,,,-14,,,,36,,-5,,,,3,,,
026300_3..S42R::1404532800.0,,,,,,,-205,1,-19,,,,,,37,-34,,,,,10,,,,10,,-27,,,,-22,,,
028300_3..S42R::1404532800.0,,,,,,,-204,23,-19,,,,,,34,8,,,,,-10,,,,14,,10,,,,-22,,,
030300_3..S42R::1404532800.0,,,,,,,-209,-9,71,,,,,,-4,-11,,,,,1,,,,5,,6,,,,-4,,,
032100_3..S01R::1404532800.0,12,-11,26,1,25,-8,12,10,-19,36,436,7,-12,6,34,36,56,5,15,0,1,-4,-45,2,-38,-14,-14,-11,9,-5,-6,15,3,11
033400_3..S42R::1404532800.0,,,,,,,14,-1,41,,,,,,22,-4,,,,,-4,,,,-7,,-16,,,,-9,,,
034100_3..S01R::1404532800.0,-17,1,-1,-15,5,-7,6,-14,41,-4,9,1,-1,-17,-6,-16,66,17,-4,-17,-6,9,12,11,-5,6,2,4,6,-13,1,-10,1,8
035300_3..S42R::1404532800.0,,,,,,,6,-3,-19,,,,,,22,-2,,,,,3,,,,2,,-17,,,,-8,,,
035650_3..S01R::1404532800.0,-3,12,5,-32,10,-2,-5,5,41,15,-13,2,10,7,9,-4,53,-6,4,12,17,15,33,7,-3,-2,18,-8,-9,11,-7,12,18,-7
036850_3..S01R::1404532800.0,-13,2,10,8,0,22,1,1,-49,-3,12,10,-29,10,28,-9,48,27,11,-14,-10,13,28,3,10,-1,17,18,6,12,-7,-16,14,4
038050_3..S01R::1404532800.0,1,0,28,-10,13,-33,-23,-5,11,-9,-8,5,-28,7,12,-46,28,29,3,6,4,7,5,9,6,-7,6,0,1,7,2,4,-11,7
039250_3..S01R::1404532800.0,-13,-2,31,-2,15,-11,14,-1,11,-14,-16,4,1,9,-7,-21,34,59,13,-10,5,-11,10,1,-4,6,18,-48,-77,-10,156,39,5,0
040400_3..S01R::1404532800.0,-9,-13,8,2,3,9,14,3,11,10,-10,4,-17,1,93,2,46,48,-5,-4,-16,-10,13,13,12,-14,-16,-1,0,1,-7,6,8,-16
041600_3..S01R::1404532800.0,-10,-14,33,-2,-23,9,14,3,11,18,13,9,-45,-6,103,5,55,99,-11,3,-17,-14,5,-9,14,-14,-16,7,3,-3,-18,14,13,6
042800_3..S01R::1404532800.0,8,-17,24,-1,1,5,7,13,-19,12,-2,7,-13,7,82,0,25,-2,21,-9,5,-4,4,-4,-5,1,18,10,8,-16,-2,-2,-5,8
044000_3..S01R::1404532800.0,-36,6,-15,-10,3,6,-5,-12,71,0,-11,6,-58,-5,8,-18,62,-1,-3,-13,8,9,-4,9,6,3,-3,0,-36,9,-19,-3,-10,-3
045200_3..S01R::1404532800.0,-4,1,18,-16,-6,4,-14,-1,-19,-4,5,1,58,21,93,-5,45,58,-11,9,3,7,0,11,-1,-4,-12,-1,-3,5,-23,7,21,-5
046400_3..S01R::1404532800.0,6,13,12,-14,16,18,14,10,-19,13,-6,-4,-29,-31,2,-6,60,10,19,7,-7,7,-14,4,-13,19,17,-13,13,-9,58,14,-2,-13
047600_3..S01R::1404532800.0,,11,3,-1,11,4,3,-8,11,11,,7,-23,14,10,-16,,25,85,-1,-10,2,6,22,17,5,10,3,-1,-99,11,25,,-2
048800_3..S01R::1404532800.0,,,,4,31,6,3,-37,11,,,3,,8,21,16,,22,2,,15,3,31,38,9,,14,2,-4,,0,16,,-35
050000_3..S01R::1404532800.0,,,,,7,19,12,5,41,,,,,-1,30,2,,,-13,,11,47,8,,2,,21,,,,-5,5,,
051200_3..S01R::1404532800.0,,,,,,3,22,-11,11,,,,,-13,57,-13,,,,,-9,,-237,,-8,,-4,,,,6,,,
052400_3..S01R::1404532800.0,,,,,,,,1,11,,23,,,,,-6,44,,,,-1,,,,-4,,-9,,,,-13,,,
053600_3..S01R::1404532800.0,21,-11,,,,,,,-19,,15,,-13,,,,66,,,-5,,,,,,6,,,,12,,,-8,
054800_3..S01R::1404532800.0,10,-17,3,,,,,,-739,5,-17,,79,,,,50,43,,-4,,,,17,,-7,,4,4,-23,,,0,9
056000_3..S01R::1404532800.0,23,9,17,-1,5,,,,-1459,6,8,-13,-24,,,,42,11,3,9,,-16,2,27,,-9,,7,7,5,,-6,-11,11
057200_3..S01R::1404532800.0,-1,-5,17,-8,16,8,11,,,-10,-8,16,87,13,30,,53,28,-4,7,,14,15,27,,-6,,8,-3,4,,12,-12,-1
058400_3..S01R::1404532800.0,14,-18,-17,-26,13,8,36,14,,11,5,4,-20,13,12,7,45,0,2,-15,10,-32,7,14,-4,0,13,-4,-7,8,,4,-8,-5
059600_3..S01R::1404532800.0,-11,9,-1,-32,4,-4,3,-4,11,0,13,3,-24,-22,91,-7,42,65,-3,-15,2,6,10,23,1,-3,6,4,1,4,7,-12,13,0
060800_3..S01R::1404532800.0,10,9,0,11,3,20,12,24,11,17,-2,8,-27,-6,7,2,26,28,19,-11,-7,18,74,15,14,30,-1,-8,10,-12,28,9,-6,-8
062000_3..S01R::1404532800.0,5,-7,-8,2,-5,413,14,-3,11,-12,78,8,-17,5,53,-9,22,6,19,-9,-3,-6,16,-2,-5,-23,-82,-18,9,-14,-8,10,-6,8
063200_3..S01R::1404532800.0,,,,,,,,5,11,,,,,,,364,,,,,,,,,,,,,,,-11,,,
064400_3..S01R::1404532800.0,-13,8,6,-1,-5,3,31,13,41,5,276,6,-22,11,26,-7,54,26,15,8,18,-8,1,9,7,-3,30,-41,-9,7,136,-3,15,-4
065600_3..S01R::1404532800.0,-4,17,20,9,-27,22,-85,-8,41,20,-10,13,-24,9,190,13,30,6,-18,-6,-17,4,24,4,8,4,-1,11,7,9,-15,6,-10,4
066800_3..S01R::1404532800.0,1,17,20,18,3,13,9,10,-19,19,13,18,-26,7,28,-1,70,26,-7,8,17,153,2,-3,2,11,0,11,8,-12,33,4,-5,10
068000_3..S01R::1404532800.0,0,-1,14,-6,12,514,30,10,41,-2,15,5,-6,4,28,3,45,14,24,-5,2,-9,368,7,-2,14,24,-14,-19,-8,6,6,-8,6
069200_3..S01R::1404532800.0,10,7,14,-28,8,8,2,314,11,5,2,10,-23,33,13,453,36,24,19,-5,6,-7,8,13,12,9,18,23,-12,-9,-22,5,1,-11
066200_3..S01R::1404532800.0,3,-14,-13,-3,15,,,,,11,-7,-17,75,16,,,50,14,-24,10,,-11,6,16,,-5,,-7,-78,7,,-52,-8,-8
070400_3..S01R::1404532800.0,-16,6,13,2,26,6,-6,111,41,1,5,14,-25,-9,18,13,46,28,11,-12,-9,1,5,-18,10,8,-2,20,-3,-7,4,5,4,-4
071600_3..S01R::1404532800.0,4,-3,9,-9,0,24,-77,16,11,0,-4,4,-7,1,32,9,55,23,17,-4,7,15,18,1,-2,12,8,12,5,-9,11,6,-4,4
072800_3..S01R::1404532800.0,1,4,-7,-11,1,11,14,-5,41,-3,-9,0,-23,-9,12,-13,30,122,0,18,-9,11,22,-5,-11,-10,-4,-21,10,-29,-26,20,-9,13
074000_3..S01R::1404532800.0,5,12,12,16,25,9,12,5,11,14,18,15,-22,18,23,-2,70,60,6,-6,-4,-8,17,15,20,-2,18,-6,-14,2,2,5,2,11
075200_3..S01R::1404532800.0,13,-4,3,16,0,12,3,7,11,-1,1,14,14,14,30,-3,42,35,15,-4,-7,16,10,31,16,-1,26,2,23,6,0,6,11,14
076400_3..S01R::1404532800.0,-8,-8,21,15,12,-19,-5,2,11,-6,6,4,-20,12,37,20,53,42,22,-37,15,18,33,20,2,4,17,-4,21,-19,26,20,15,13
077600_3..S01R::1404532800.0,-18,-8,19,12,-4,29,-6,3,-19,-35,-22,12,-40,0,33,-2,49,0,18,5,16,12,23,6,-22,-11,13,14,7,-4,5,21,4,3
078800_3..S01R::1404532800.0,10,-9,14,-1,-3,11,1,5,11,14,0,-13,-6,-1,50,-2,37,109,-12,-19,1,-16,10,2,4,3,74,-8,-10,-15,-18,14,-3,-8
080000_3..S01R::1404532800.0,7,-6,38,-20,33,8,21,11,11,-2,-5,-13,-17,5,22,4,57,11,8,13,2,11,17,27,15,-8,11,7,-5,-3,9,15,0,-7
081200_3..S01R::1404532800.0,14,-2,52,-2,10,14,25,10,11,0,22,16,-8,27,9,31,50,33,19,20,1,9,44,34,14,17,23,2,24,18,11,20,12,11
082400_3..S01R::1404532800.0,10,-65,-24,5,8,19,13,17,11,10,4,16,-19,1,26,-3,51,7,-1,-9,-4,2,-6,10,13,6,-75,-4,-7,-13,114,-4,0,-13
083600_3..S01R::1404532800.0,-9,4,-28,-6,6,0,20,-5,11,1,6,11,32,8,7,-10,67,8,-6,-7,-4,14,35,1,21,-1,21,10,-21,9,5,-4,15,11
084800_3..S01R::1404532800.0,3,13,25,-16,25,16,36,-3,11,12,-9,13,-27,16,9,5,48,3,9,9,0,-20,27,15,5,-7,15,-5,14,-5,0,-14,-3,12
086000_3..S01R::1404532800.0,-12,5,18,-2,9,-6,-18,-16,11,1,9,11,-30,24,30,12,70,5,-4,5,26,-11,-10,19,2,-15,13,3,0,-33,-19,12,6,2
087200_3..S01R::1404532800.0,-8,-10,16,6,-2,17,-3,-6,11,16,-12,17,-42,19,29,18,66,6,17,16,-13,0,17,8,13,-5,17,-5,-7,-2,12,19,13,-7
088400_3..S01R::1404532800.0,4,-12,19,-16,24,12,8,10,-19,-13,-5,-6,41,-5,48,-2,62,23,11,-6,0,18,26,-34,22,-5,14,17,-24,-1,-1,-7,4,6
089600_3..S01R::1404532800.0,-11,-13,31,-22,24,1,0,-6,-19,16,6,8,-21,0,74,16,47,2,4,-12,-16,18,30,26,11,2,8,-3,14,1,5,24,9,14
090800_3..S01R::1404532800.0,-19,6,-6,-11,-5,14,8,15,11,0,5,3,-21,-9,22,-12,66,166,-14,1,19,12,-2,22,9,9,13,4,3,-16,17,0,3,8
092000_3..S01R::1404532800.0,4,4,16,7,1,18,0,-2,-19,0,-11,8,-28,12,-10,13,23,4,-12,8,7,-1,7,3,15,12,14,-15,10,-7,-1,6,-5,3
093200_3..S01R::1404532800.0,16,-36,30,10,13,14,-3,4,-19,0,20,6,15,46,24,-7,48,19,19,23,-13,20,22,13,-21,14,25,-12,8,11,16,-5,15,2
094400_3..S01R::1404532800.0,22,9,11,5,26,35,24,11,101,13,1,8,-1,21,61,1,62,20,36,22,21,11,13,32,8,-8,27,-3,12,22,10,12,19,6
095600_3..S01R::1404532800.0,,,-38,8,24,-2,11,5,-19,,,24,,22,28,-14,,29,59,,14,6,31,24,1,,16,-7,15,,95,98,,10
096800_3..S01R::1404532800.0,2,3,13,-3,44,-7,13,16,-19,13,-43,-1,3,6,-27,-5,66,34,-6,-5,-9,21,58,18,13,18,-5,7,22,-8,8,30,-3,8
098000_3..S01R::1404532800.0,12,-3,11,8,4,-1,8,2,11,-1,6,14,-13,2,51,-5,59,-1,-6,-5,-52,9,1,17,16,13,10,3,-1,-37,-9,-2,3,-1
099200_3..S01R::1404532800.0,-3,30,56,24,21,35,63,16,11,27,8,-3,2,42,40,32,61,14,2,4,12,-32,37,25,2,11,42,-4,7,9,16,-14,5,-6
100400_3..S01R::1404532800.0,-11,6,4,-7,26,0,1,12,-19,3,7,4,3,42,48,9,48,29,-19,12,11,-9,16,9,6,-14,12,-11,17,-5,7,14,7,16
101600_3..S01R::1404532800.0,,6,12,17,1,21,3,14,11,21,,-4,-5,26,3,6,,18,13,1,-23,12,23,27,0,-26,-5,7,18,,0,2,,9
102800_3..S01R::1404532800.0,,,,1,29,14,-5,24,11,,,12,,24,12,8,,28,7,,8,-4,17,17,3,,0,-6,18,,1,6,,-14
104000_3..S01R::1404532800.0,,,,,11,-4,9,10,11,,,,,3,21,7,,,26,,-11,-159,19,,13,,25,,,,-6,14,,
095600_3..S::1404532800.0,,,881,,,,,,,,,,11,,,,64,,,,,,,,,,,,,17,,,,
105200_3..S01R::1404532800.0,,,,,,14,22,7,11,,,,,6,24,-1,,,,,-9,,,,14,,5,,,,-16,,,
106400_3..S01R::1404532800.0,,,,,,,,6,11,,,,,,,-1,,,,,-4,,,,16,,-98,,,,-14,,,
107700_3..S01R::1404532800.0,,,,,,,,,-109,,,,,,,,,,,,,,,,,,,,,,,,,
108850_3..S01R::1404532800.0,,,,,,,,,-799,,,,,,,,,,,,,,,,,,,,,,,,,
110050_3..S01R::1404532800.0,,,,,,,,,-1519,,,,,,,,,,,,,,,,,,,,,,,,,
128050_3..S01R::1404532800.0,-13,,,,,,,,,,9,,,,,,54,,,9,,,,,,22,,,,-9,,,6,
129250_3..S01R::1404532800.0,-6,6,1,,,,,,,8,10,,-87,,,,57,,,-6,,,,,,5,,,,13,,,21,-3
130450_3..S01R::1404532800.0,19,10,21,5,,,,,,14,246,12,-79,,,,56,-25,,-12,,,,25,,1,,5,0,9,,,17,1
131650_3..S01R::1404532800.0,16,-25,5,18,6,,,,,9,26,11,-69,-9,,,65,-5,22,1,,-2,10,41,,24,,2,-7,21,,21,18,-9
133150_3..S01R::1404532800.0,,5,1,-28,23,18,16,,,2,-9,-14,2,-2,38,,64,39,-4,-6,,-5,1,11,-6,-23,-10,-13,17,9,,27,14,-21
134850_3..S01R::1404532800.0,5,-3,38,1,14,-28,11,-7,-19,-3,1,4,207,14,21,-14,47,-26,-5,-4,-7,1,2,26,-11,8,13,1,-7,-13,31,2,-7,15
136550_3..S01R::1404532800.0,7,-8,27,-10,4,-2,10,-66,-19,-9,-4,6,-14,-18,28,-11,14,362,-7,-10,-55,8,23,6,-6,-2,8,2,-10,-3,10,-32,2,-5
140300_3..S42R::1404532800.0,,,,,,,-196,14,-19,,,,,,49,-12,,,,,-6,,,,-8,,14,,,,11,,,
000300_3..S42R::1404619200.0,,,,,,,-221,-16,11,,,,,,17,-16,,,,,18,,,,2,,-51,,,,-6,,,
002300_3..S42R::1404619200.0,,,,,,,-214,11,41,,,,,,40,7,,,,,10,,,,5,,-1,,,,-4,,,
138450_3..S01R::1404619200.0,-24,-55,20,15,26,-4,17,16,-19,-5,21,-3,16,25,10,-3,62,3,12,-26,-11,16,12,39,8,14,34,0,20,-37,3,2,-2,15
142700_3..S42R::1404619200.0,,,,,,,-242,-2,-19,,,,,,35,-11,,,,,46,,,,8,,4,,,,34,,,
004300_3..S42R::1404619200.0,,,,,,,-224,17,11,,,,,,-2,8,,,,,4,,,,26,,23,,,,7,,,
006300_3..S42R::1404619200.0,,,,,,,10,-9,11,,,,,,4,-14,,,,,-54,,,,13,,13,,,,0,,,
008300_3..S42R::1404619200.0,,,,,,,-212,4,71,,,,,,22,1,,,,,-78,,,,-1,,1,,,,-15,,,
010300_3..S42R::1404619200.0,,,,,,,-206,-4,-19,,,,,,35,20,,,,,-20,,,,9,,4,,,,-3,,,
012300_3..S42R::1404619200.0,,,,,,,-206,22,11,,,,,,22,-7,,,,,-2,,,,21,,6,,,,-4,,,
014300_3..S42R::1404619200.0,,,,,,,-199,-8,11,,,,,,5,20,,,,,-18,,,,16,,31,,,,-8,,,
016300_3..S42R::1404619200.0,,,,,,,-317,7,11,,,,,,40,16,,,,,-17,,,,4,,-6,,,,-4,,,
018300_3..S42R::1404619200.0,,,,,,,-196,2,-19,,,,,,42,-8,,,,,1,,,,0,,-17,,,,-19,,,
020300_3..S42R::1404619200.0,,,,,,,-195,19,-19,,,,,,4,6,,,,,5,,,,182,,11,,,,-20,,,
022300_3..S42R::1404619200.0,,,,,,,-207,-6,-19,,,,,,25,20,,,,,9,,,,7,,5,,,,-24,,,
024300_3..S42R::1404619200.0,,,,,,,-183,19,-19,,,,,,23,6,,,,,-28,,,,21,,9,,,,-17,,,
026300_3..S42R::1404619200.0,,,,,,,-196,-8,-19,,,,,,36,-4,,,,,-24,,,,-20,,-19,,,,0,,,
028300_3..S42R::1404619200.0,,,,,,,-202,9,11,,,,,,31,9,,,,,-14,,,,-12,,4,,,,-17,,,
030300_3..S42R::1404619200.0,,,,,,,-208,14,11,,,,,,14,12,,,,,-17,,,,10,,2,,,,-3,,,
032300_3..S42R::1404619200.0,,,,,,,-153,-33,-49,,,,,,19,1,,,,,-19,,,,10,,4,,,,6,,,
034300_3..S42R::1404619200.0,,,,,,,-63,-8,11,,,,,,24,-9,,,,,-2,,,,-3,,-3,,,,0,,,
036200_3..S42R::1404619200.0,,,,,,,17,-6,-19,,,,,,22,16,,,,,12,,,,5,,2,,,,19,,,
038500_3..S42R::1404619200.0,,,,,,,0,5,-19,,,,,,15,1,,,,,3,,,,-35,,2,,,,-4,,,
040400_3..S42R::1404619200.0,,,,,,,9,-11,-19,,,,,,29,-13,,,,,-9,,,,-8,,15,,,,-24,,,
042650_3..S42R::1404619200.0,,,,,,,18,-2,-19,,,,,,30,16,,,,,12,,,,8,,-6,,,,35,,,
045000_3..S42R::1404619200.0,,,,,,,42,13,41,,,,,,40,8,,,,,-17,,,,8,,16,,,,-8,,,
046200_3..S01R::1404619200.0,124,2,-33,9,-6,-5,-15,-1,-49,-4,3,-64,-67,-1,70,0,39,19,-11,-19,-19,3,13,8,-16,-28,-18,5,7,-4,6,10,-28,-19
047200_3..S42R::1404619200.0,,,,,,,6,-3,11,,,,,,22,12,,,,,8,,,,2,,16,,,,-8,,,
047600_3..S01R::1404619200.0,-12,2,-28,-13,14,-12,35,-15,11,-1,6,1,-32,5,25,11,39,-1,-4,10,-16,9,5,-4,10,-10,12,-19,9,2,-2,1,11,-19
048800_3..S01R::1404619200.0,-6,-4,18,-4,13,2,41,-6,-19,2,-13,-7,-39,14,14,-8,60,20,-41,10,0,-1,9,-6,-5,-7,20,5,-4,2,9,-17,14,-5
049900_3..S01R::1404619200.0,-12,-1,47,-4,-1,29,17,-34,41,0,8,6,-39,25,18,-47,38,-2,14,16,-7,-9,31,4,20,-10,-46,-15,10,-1,17,24,9,6
051100_3..S01R::1404619200.0,-5,-8,71,13,5,9,12,-9,11,-33,-12,-64,-7,14,14,12,54,7,24,-16,-18,17,16,14,8,-7,-58,2,3,4,65,4,11,-2
052350_3..S01R::1404619200.0,-5,7,26,-5,28,4,13,-8,-19,8,10,6,-26,-4,21,11,61,0,7,17,1,-13,21,9,-8,-3,28,-4,-9,9,-4,11,19,-10
053550_3..S01R::1404619200.0,-17,14,11,11,-11,6,13,-11,-19,10,8,12,-57,-7,20,-13,53,153,8,1,11,-22,-3,5,5,9,17,-6,-9,-8,-1,-4,2,-10
054750_3..S01R::1404619200.0,3,-5,1,-14,11,-8,20,15,11,-11,-6,11,-46,5,-33,10,18,12,6,5,-16,19,20,26,11,-15,-5,5,-3,-6,9,16,-3,-5
055950_3..S01R::1404619200.0,-9,7,15,18,3,5,5,9,11,7,-17,14,-54,-11,44,0,56,19,-13,-67,-26,-15,-3,2,-8,-1,73,-11,-52,5,-4,-3,10,-11
057150_3..S01R::1404619200.0,4,10,8,-35,14,9,18,9,11,-23,0,17,-50,6,67,7,61,17,5,-5,9,-33,18,-2,8,3,6,-14,11,-19,-8,15,-7,-16
058350_3..S01R::1404619200.0,0,-8,22,-9,-25,20,14,6,-19,-1,-8,-34,-43,25,37,-3,31,23,19,-5,-1,22,21,10,-9,7,-4,-49,9,13,0,18,-9,6
059550_3..S01R::1404619200.0,3,10,14,-11,15,-20,3,-1,11,7,-9,-5,-52,18,53,-4,19,51,-36,-5,-1,16,-15,19,-8,8,30,3,-1,16,11,14,-4,-2
060750_3..S01R::1404619200.0,-16,-10,6,-3,-6,21,-2,-2,101,14,-16,-15,-31,2,51,0,34,114,-8,2,-23,-13,-3,17,-18,-3,-24,2,2,-20,9,7,0,10
061950_3..S01R::1404619200.0,-18,2,3,-3,8,-9,27,-4,-19,2,6,-13,-65,32,26,-5,39,17,2,1,4,-14,10,-19,7,-12,50,-27,4,2,-53,4,12,12
063150_3..S01R::1404619200.0,-9,15,10,8,11,1,27,6,11,16,10,14,-54,6,5,-6,48,1,20,-1,24,15,24,-1,7,3,6,7,1,11,15,16,22,0
064350_3..S01R::1404619200.0,-14,15,19,-3,3,4,-1,1,-19,16,5,6,-58,-18,8,-15,62,2,-2,-12,-12,-5,4,-14,-13,3,25,6,1,11,-6,-2,12,1
065550_3..S01R::1404619200.0,9,-22,8,-6,19,9,8,-10,-49,2,4,-3,-50,1,26,-46,53,26,7,-19,-1,-9,5,13,2,-3,86,6,8,-100,3,9,-5,-17
066750_3..S01R::1404619200.0,-8,0,18,6,-3,8,10,6,-19,-4,11,-14,-62,17,80,1,42,14,17,2,4,0,12,21,16,-12,17,4,-3,-1,-17,13,11,-1
067950_3..S01R::1404619200.0,10,10,-2,-10,-21,0,0,13,-19,9,-1,24,-49,9,10,4,64,7,-3,4,8,30,25,11,-2,14,15,-10,16,-6,-4,17,3,16
069150_3..S01R::1404619200.0,-9,-8,12,12,0,-23,28,3,11,-10,14,-6,-40,12,32,-3,70,9,-9,-58,-3,1,22,12,-9,-8,13,-4,-5,3,-12,18,12,-3
070350_3..S01R::1404619200.0,8,-17,28,15,32,5,26,10,-19,10,-1,-15,-50,1,24,1,44,39,7,11,-27,14,54,-22,-3,-24,20,22,1,12,-2,-2,-4,3
071550_3..S01R::1404619200.0,10,-2,2,15,2,4,15,5,11,-1,-8,-8,-67,12,11,2,51,13,18,3,7,107,5,15,4,13,-7,-1,-10,-7,-4,7,0,17
072750_3..S01R::1404619200.0,-17,2,3,10,-6,20,15,10,-19,-5,6,-1,-57,17,19,4,46,20,35,4,7,16,18,-14,9,12,16,8,3,-10,6,5,-1,7
073950_3..S01R::1404619200.0,-10,-14,24,-5,10,-20,4,28,11,13,11,8,-45,22,-14,12,40,32,1,-32,13,-8,17,4,7,14,30,-18,10,17,-9,8,10,11
075150_3..S01R::1404619200.0,-3,-9,9,9,7,17,22,7,-19,19,17,-13,-47,-2,33,-2,50,6,20,-14,13,11,17,4,8,3,6,-15,-30,-19,-7,16,-29,2
076350_3..S01R::1404619200.0,9,9,-31,-9,-24,41,-2,-6,-19,14,0,3,-33,-1,100,-7,54,13,-22,-2,-4,-6,25,-23,27,10,14,-14,12,-8,7,19,3,10
077550_3..S01R::1404619200.0,5,-7,24,11,17,-25,15,4,-19,-9,-3,-13,-69,20,27,0,67,16,4,1,0,-23,11,42,0,12,-10,4,-1,-7,-3,15,2,2
078750_3..S01R::1404619200.0,-11,-2,30,14,16,30,26,15,-19,3,8,-7,-38,-38,33,4,40,21,-4,-7,4,9,27,8,,-12,22,-13,14,6,5,23,14,15
079950_3..S01R::1404619200.0,-10,22,8,-3,3,28,6,37,-19,28,6,7,-50,-4,55,-21,69,23,19,6,1,7,29,2,-9,9,26,-16,-1,13,21,26,-15,-8
081150_3..S01R::1404619200.0,-12,-8,22,3,9,13,20,12,-19,-9,11,5,-11,3,31,4,46,4,-4,1,0,10,18,0,12,-14,-4,-16,10,-3,-3,12,9,10
082350_3..S01R::1404619200.0,11,6,10,16,-13,-1,47,10,11,10,-8,-12,-64,-5,20,3,63,38,-3,11,-3,28,22,-1,9,-6,8,9,1,-2,-7,23,6,-2
083550_3..S01R::1404619200.0,3,1,22,1,16,-4,5,-5,-19,-7,-4,-13,-56,12,16,-13,61,113,9,-4,-12,-5,15,6,-12,-12,122,-4,-6,1,-2,-3,-35,-3
084750_3..S01R::1404619200.0,3,-16,-14,-2,4,6,-4,-55,11,8,-4,7,-53,18,16,-9,65,6,18,-8,-10,-7,29,21,17,3,12,2,-3,-19,-15,13,-7,2
085950_3..S01R::1404619200.0,2,15,-5,4,26,22,17,-8,-49,16,-9,10,-54,-1,37,-6,55,-22,9,1,29,11,16,16,8,-3,30,2,-1,9,8,35,-8,19
087150_3..S01R::1404619200.0,9,23,9,0,26,6,21,-6,11,-4,-6,6,-62,13,27,18,54,12,24,31,15,-4,-10,28,9,-4,11,1,-3,1,3,12,3,-6
088350_3..S01R::1404619200.0,-35,8,31,8,21,27,9,3,11,8,-8,18,-25,-1,16,-5,23,6,7,-25,-6,11,38,16,12,12,16,-4,-10,-13,-7,21,23,-12
089550_3..S01R::1404619200.0,-8,20,29,3,1,1,19,10,-19,-5,11,-1,-80,9,49,-22,47,18,23,-12,10,3,1,-13,6,-1,-8,2,-1,5,-3,-2,14,-6
090750_3..S01R::1404619200.0,5,13,6,6,16,5,-8,-10,11,11,0,-5,65,-69,77,-15,62,89,11,16,-12,-2,8,18,-12,-5,-6,6,6,8,8,8,-5,10
091950_3..S01R::1404619200.0,8,0,11,15,2,6,22,6,101,0,-3,-11,-39,-13,11,3,65,10,19,12,4,-15,3,-6,3,-9,6,9,5,-4,-14,-24,1,1
093150_3..S01R::1404619200.0,12,8,19,13,14,31,1,9,-19,8,1,-12,-36,-4,69,2,65,37,-3,4,7,12,15,-5,2,-11,4,9,1,-6,2,9,1,3
094350_3..S01R::1404619200.0,-6,-3,-24,8,15,0,23,16,-19,-5,14,10,-44,-2,15,11,55,56,6,-9,-13,6,22,22,14,4,-2,1,-5,14,12,15,19,-7
095550_3..S01R::1404619200.0,3,8,-5,-34,15,25,18,-6,-19,5,-3,-70,-33,2,32,-9,64,112,31,12,-5,-8,13,15,14,4,53,-1,-5,16,5,-5,-10,-4
096750_3..S01R::1404619200.0,-60,13,28,18,-4,11,26,18,11,15,6,-6,-30,-19,26,11,41,11,14,14,9,4,16,19,1,18,16,-7,16,11,21,5,-7,12
097950_3..S01R::1404619200.0,-61,-12,-7,-11,16,14,-5,-13,-19,12,16,-5,-48,-5,98,15,11,20,3,-13,11,-15,15,20,-22,-5,1,2,-1,4,5,17,14,-1
099150_3..S01R::1404619200.0,2,1,24,15,7,1,13,1,-19,-27,8,7,-36,0,38,15,44,26,18,14,5,-7,26,4,24,24,5,15,7,-8,-7,-2,2,6
100350_3..S01R::1404619200.0,2,-4,-1,10,0,1,16,-1,41,-4,-9,-6,25,2,20,-4,51,19,-3,-11,0,4,-10,-1,-6,3,5,11,8,12,-20,19,-8,8
101550_3..S01R::1404619200.0,8,-6,1,1,17,9,12,6,11,-8,-2,15,-41,-6,24,0,32,35,5,-6,2,7,4,1,-2,2,20,7,2,-17,-1,-32,-5,5
102750_3..S01R::1404619200.0,-1,11,27,-1,10,5,30,-2,11,12,18,-2,-54,7,19,16,46,11,25,-21,13,-3,51,23,5,15,9,0,19,-12,-12,12,-7,13
103950_3..S01R::1404619200.0,1,8,21,4,0,12,0,1,11,10,19,-13,-31,23,39,27,58,16,19,1,12,-27,25,2,8,8,4,12,7,14,-14,-1,-7,0
105150_3..S01R::1404619200.0,-12,4,-1,-11,9,-10,3,4,11,0,10,-7,-59,12,7,1,44,16,17,14,3,23,17,-1,20,-3,26,13,8,1,-4,-19,9,7
106400_3..S01R::1404619200.0,-33,-7,11,9,22,16,4,-14,-19,-9,-13,13,-43,-5,9,-15,56,24,11,5,-10,10,18,21,19,7,8,3,0,-12,2,10,-6,-3
107600_3..S01R::1404619200.0,-11,-11,19,-8,-1,22,-6,-8,-19,19,54,-2,-48,-6,12,14,45,24,13,-8,14,-10,29,-4,4,-24,1,11,5,8,7,21,11,4
108800_3..S01R::1404619200.0,2,5,3,15,10,19,17,-1,-19,16,-4,-10,-94,33,63,31,66,15,21,-7,10,-5,33,19,8,4,-4,-7,-47,14,-14,17,-9,-55
110000_3..S01R::1404619200.0,6,1,14,-6,23,-1,5,-4,11,6,-2,-2,-101,-1,12,-7,53,18,7,3,-4,-134,27,22,-7,12,28,-5,-8,-15,13,23,-2,-11
111200_3..S01R::1404619200.0,1,-6,47,12,0,13,11,8,11,-10,-5,12,-95,10,9,4,45,4,9,11,4,-11,12,5,5,-33,10,-12,0,3,0,12,-11,-8
112400_3..S01R::1404619200.0,-38,10,19,11,12,28,14,-10,-19,-24,-10,13,-85,20,16,-15,45,30,1,4,-7,10,40,6,-8,-8,19,9,0,3,-21,8,-14,-1
113600_3..S01R::1404619200.0,10,9,-10,-13,11,20,9,16,11,10,-5,-36,-61,-8,39,9,60,16,20,-5,7,13,34,5,29,3,18,-12,12,5,-3,13,9,-20
114800_3..S01R::1404619200.0,1,3,256,-10,16,18,32,-1,-19,6,-13,1,60,-1,24,-7,52,22,10,1,-5,-17,-15,0,16,9,13,-19,8,-12,-4,10,-6,5
116000_3..S01R::1404619200.0,5,-4,39,2,30,25,-10,10,-19,-7,0,-15,-94,-73,10,-5,-41,20,17,-13,-1,-6,0,18,12,5,-8,-8,-11,-67,132,8,-5,21
117200_3..S01R::1404619200.0,-7,9,5,144,-6,-9,-21,-72,-19,-27,-12,-7,-95,6,-7,-11,52,24,12,-82,-11,-12,13,4,18,-12,10,-13,12,-1,0,16,12,9
118400_3..S01R::1404619200.0,10,-23,50,4,12,26,14,19,41,15,-1,-20,-63,-4,10,7,64,-2,-37,3,-2,6,20,-34,16,9,0,5,22,10,-28,11,8,13
119600_3..S01R::1404619200.0,0,-6,-5,4,4,28,26,12,11,-8,23,12,-68,0,9,5,61,35,21,-8,11,1,26,-1,7,2,7,10,6,15,12,-5,-12,5
120800_3..S01R::1404619200.0,9,1,17,-3,0,67,25,10,11,22,14,-2,-70,-2,29,5,48,19,13,3,8,-2,27,26,42,-3,7,6,-5,-4,-7,-4,3,-4
122000_3..S01R::1404619200.0,18,4,28,2,21,32,2,-28,11,9,0,5,-67,27,12,21,51,23,5,15,-65,2,4,12,-2,20,29,18,3,21,-38,23,17,24
123200_3..S01R::1404619200.0,0,-13,33,0,7,8,15,22,11,14,16,6,-49,5,20,-20,53,5,18,6,-33,1,3,21,14,7,-10,-3,18,15,15,3,-8,14
124400_3..S01R::1404619200.0,10,14,29,-7,-16,22,-10,13,-19,15,2,4,-83,-3,29,7,57,1,4,2,4,-14,17,-23,3,2,2,-12,12,11,3,13,5,10
125600_3..S01R::1404619200.0,17,5,6,-6,57,-25,10,11,11,4,-2,23,-86,-11,5,6,39,1,12,11,-2,-11,-2,27,20,-10,12,-15,13,1,10,-7,-26,-15
126800_3..S01R::1404619200.0,1,0,31,11,31,19,10,1,11,24,-8,-14,-46,-1,49,-1,51,7,10,14,-25,14,18,25,2,1,27,10,10,12,-16,18,-10,9
128000_3..S01R::1404619200.0,-3,-5,3,-2,-2,6,-8,11,-19,-9,-8,5,-90,2,22,-8,42,-4,29,-7,-14,-5,8,-34,6,-19,-10,-28,-3,-4,50,18,11,-11
129200_3..S01R::1404619200.0,-6,4,22,-13,19,9,13,8,41,5,16,-5,-67,4,21,2,37,16,1,22,2,16,2,-4,-3,-3,-6,5,-1,6,-6,25,16,-4
130400_3..S01R::1404619200.0,-6,-2,8,-11,8,-7,20,-17,11,1,10,3,-89,7,-9,10,88,21,24,20,11,15,24,19,7,-10,-5,-8,16,-6,-2,7,20,14
131750_3..S01R::1404619200.0,2,-11,2,-10,5,11,6,-3,-19,-12,15,-11,14,13,-2,-12,43,-23,-6,10,-51,-6,2,-53,17,-5,19,9,-4,-2,-20,-1,0,23
133250_3..S01R::1404619200.0,11,12,1,-5,-4,10,-1,10,-19,9,3,-22,11,-11,25,7,41,75,-14,-5,-17,-147,-33,20,11,14,59,4,3,-9,-10,-24,2,4
134950_3..S01R::1404619200.0,1,3,-1,6,19,-28,8,3,-19,9,25,9,2,40,-24,0,49,1,10,-13,5,0,34,14,2,0,21,1,-3,-17,26,17,-28,-9
136650_3..S01R::1404619200.0,10,-19,1,10,15,9,2,-18,11,5,5,-8,11,-15,27,12,53,22,-3,-12,-19,6,-3,0,14,0,7,9,7,-18,-6,4,-5,5
140700_3..S42R::1404619200.0,,,,,,,-181,12,-49,,,,,,40,0,,,,,-49,,,,11,,5,,,,6,,,
000250_3..S42R::1404619200.0,,,,,,,,,-169,,,,,,,,,,,,,,,,,,,,,,,,,
002250_3..S42R::1404619200.0,,,,,,,,,-1369,,,,,,,,,,,,,,,,,,,,,,,,,
138450_3..S01R::1404705600.0,3,-9,,,,,,,,551,-13,,13,,,,38,,,-16,,,,,,-28,,,,1,,,-36,
000250_3..S42R::1404705600.0,,,,,,,-271,-12,-169,,,,,,20,12,,,,,-15,,,,10,,54,,,,-2,,,
002250_3..S42R::1404705600.0,,,,,,,-278,4,11,,,,,,16,-4,,,,,-7,,,,20,,6,,,,-9,,,
142700_3..S42R::1404705600.0,,,,,,,-206,,,,,,,,40,,,,,,,,,,,,,,,,,,,
004250_3..S42R::1404705600.0,,,,,,,-273,-8,41,,,,,,28,-21,,,,,-10,,,,-47,,8,,,,-4,,,
006250_3..S42R::1404705600.0,,,,,,,-249,7,11,,,,,,34,-12,,,,,-52,,,,-49,,10,,,,-7,,,
008250_3..S42R::1404705600.0,,,,,,,-263,-10,11,,,,,,26,-8,,,,,0,,,,-1,,6,,,,-16,,,
010250_3..S42R::1404705600.0,,,,,,,-260,14,-19,,,,,,32,8,,,,,11,,,,8,,16,,,,4,,,
012250_3..S42R::1404705600.0,,,,,,,-263,43,-19,,,,,,30,-9,,,,,-7,,,,19,,13,,,,-4,,,
014250_3..S42R::1404705600.0,,,,,,,-262,-15,-19,,,,,,37,-13,,,,,-10,,,,-7,,159,,,,-11,,,
016250_3..S42R::1404705600.0,,,,,,,-268,1,191,,,,,,36,3,,,,,-17,,,,-14,,-3,,,,-22,,,
018250_3..S42R::1404705600.0,,,,,,,-275,5,-19,,,,,,38,4,,,,,10,,,,7,,-1,,,,-14,,,
020250_3..S42R::1404705600.0,,,,,,,-268,-7,11,,,,,,36,-12,,,,,-7,,,,-9,,79,,,,4,,,
022250_3..S42R::1404705600.0,,,,,,,-284,5,71,,,,,,43,5,,,,,-21,,,,9,,-11,,,,-15,,,
024250_3..S42R::1404705600.0,,,,,,,-265,-1,11,,,,,,35,0,,,,,4,,,,7,,112,,,,1,,,
026250_3..S42R::1404705600.0,,,,,,,-257,-15,41,,,,,,25,-18,,,,,-11,,,,-15,,15,,,,-28,,,
028250_3..S42R::1404705600.0,,,,,,,-274,-12,41,,,,,,18,-15,,,,,-12,,,,-13,,53,,,,-5,,,
030250_3..S01R::1404705600.0,-28,-10,1,9,-8,-12,4,-5,-19,-8,-14,-15,-1,7,18,-9,60,48,-52,5,-1,5,70,5,-6,12,87,10,3,-90,3,9,-7,3
031300_3..S42R::1404705600.0,,,,,,,-2,1,-19,,,,,,20,-3,,,,,10,,,,-6,,3,,,,43,,,
031750_3..S01R::1404705600.0,-6,-18,-3,-3,-6,3,-2,-38,-19,8,72,9,5,-14,-2,-8,58,4,13,9,-4,-12,31,3,-42,-6,-20,-11,-16,-24,10,22,16,14
033150_3..S01R::1404705600.0,8,8,-47,-9,7,0,9,3,11,8,53,-37,53,1,10,-6,70,19,21,8,23,-13,18,1,-5,-13,24,9,1,-6,-11,40,1,-4
033550_3..S42R::1404705600.0,,,,,,,3,0,11,,,,,,20,-10,,,,,-17,,,,6,,1,,,,-10,,,
034750_3..S01R::1404705600.0,-3,-6,12,-6,15,20,6,17,11,-2,-15,3,22,-9,16,4,57,26,6,-14,-7,-12,8,15,15,2,15,-2,-7,11,-15,6,-10,-7
035900_3..S01R::1404705600.0,0,3,3,-6,4,6,7,-1,11,-36,1076,-22,99,-20,36,-34,104,71,-3,-1,4,-18,56,18,6,-12,110,5,1,4,3,16,-12,-23
036900_3..S01R::1404705600.0,1078,0,20,3,18,-5,8,-2,-19,-7,60,-18,84,5,22,-12,52,104,9,-8,-5,-4,9,8,-6,2,83,-9,-9,8,-18,15,-10,-4
037900_3..S01R::1404705600.0,,-1,0,-8,16,16,4,-7,41,-7,,2,349,16,19,-13,,29,5,-29,-6,-11,9,6,-4,,22,-13,13,,5,-18,,11
038900_3..S01R::1404705600.0,,11,61,-1,19,41,7,10,-19,21,,21,196,-3,67,8,,28,24,-7,8,5,39,-13,6,,30,18,2,,11,12,,-6
040150_3..S01R::1404705600.0,199,-5,57,-13,-7,16,18,13,-49,2,548,0,215,-4,18,12,78,92,14,-3,-16,11,64,19,13,-24,82,-3,-3,7,9,14,15,-1
040900_3..S01R::1404705600.0,303,12,8,-12,20,22,37,5,-79,-15,277,3,219,-1,87,-7,88,25,3,8,-12,-4,4,-3,-15,18,18,14,1,-11,-3,23,-1,-1
041500_3..S01R::1404705600.0,,-2,53,3,18,-9,12,8,11,8,,15,254,-7,26,10,,-3,7,-80,9,-7,20,-4,6,,29,9,-6,,1,14,,43
042100_3..S01R::1404705600.0,-14,7,20,-12,8,-8,-9,-9,-49,4,127,117,213,1,4,-12,55,-12,-6,7,14,10,48,16,4,-8,93,-2,-4,2,25,2,525,-31
043000_3..S01R::1404705600.0,,,,,,,18,-6,-49,,,,,,6,-6,,,,,-22,,,,4,,11,,,,12,,,
043600_3..S01R::1404705600.0,13,0,37,15,8,5,0,8,-49,-3,1,-2,80,10,54,-27,66,50,26,7,7,12,54,8,1,-9,145,-7,-11,-2,-13,2,394,-14
044200_3..S01R::1404705600.0,0,3,45,-6,6,19,18,-12,131,16,45,15,176,6,26,8,67,-4,7,19,24,-34,34,-2,-1,18,33,9,-3,-7,14,43,-4,13
044800_3..S01R::1404705600.0,,,,,,,,,71,,,,,,,,,,,,,,,,,,,,,,,,,
045400_3..S01R::1404705600.0,0,-11,16,7,21,7,1,0,-109,17,231,9,30,12,58,-5,64,200,29,0,-7,0,8,16,8,8,23,2,0,-14,-9,-2,-5,-5
046000_3..S01R::1404705600.0,106,-3,-38,8,26,42,6,19,-199,1,306,12,10,32,21,8,39,26,30,10,-34,136,23,12,17,-11,34,-9,12,-3,-1,9,-1,8
046600_3..S01R::1404705600.0,-7,-4,1,-1,5,47,43,19,-139,-4,127,-23,291,207,52,-23,70,-2,45,1,-2,-1,43,24,-8,12,174,1,-7,-12,-27,20,17,-4
047400_3..S03R::1404705600.0,35,7,15,9,16,31,28,12,,16,231,14,56,20,40,-6,92,3,22,13,-1,-24,40,-3,-4,19,-9,-15,13,-7,-49,42,-33,12
047800_3..S01R::1404705600.0,-5,-7,-21,16,33,9,10,11,-169,-10,263,-7,430,4,75,3,43,22,52,-10,-5,148,44,20,11,3,27,4,-6,2,-11,21,19,-7
048300_3..S01R::1404705600.0,54,-5,1,-5,16,47,44,6,41,-3,378,8,133,20,26,-12,77,23,1,0,-13,-8,20,-5,9,-16,28,9,21,-2,-11,34,11,35
048750_3..S01R::1404705600.0,4,12,16,-6,12,36,20,-8,11,9,267,8,-113,22,45,8,74,18,30,-11,2,-14,44,8,-1,8,60,-8,7,10,-34,48,-8,10
049150_3..S01R::1404705600.0,394,17,18,18,26,37,62,8,-19,19,228,6,156,22,49,13,78,-12,32,-13,10,-13,49,-2,14,-12,35,11,10,-8,36,39,-4,15
049800_3..S03R::1404705600.0,333,-8,17,6,27,25,25,9,,-7,316,12,-35,25,35,-3,83,12,33,-13,-5,12,20,12,21,15,12,1,-2,13,71,12,459,9
049800_3..S01R::1404705600.0,,,,,,,,,71,,,,,,,,,,,,,,,,,,,,,,,,,
050550_3..S01R::1404705600.0,,-9,1,1,8,8,20,3,-79,-2,,17,189,-3,41,-8,,180,-1,-105,-12,-2,14,-2,-16,,20,12,7,,-8,4,,8
051150_3..S01R::1404705600.0,146,-3,-37,10,314,15,21,-25,-49,-1,204,15,348,12,20,5,77,35,-1,23,-1,9,41,-24,22,10,34,-9,11,-12,26,15,352,6
051750_3..S01R::1404705600.0,,10,4,5,33,16,5,14,-49,8,,28,117,8,12,-11,,37,9,-152,-9,8,30,1,13,,16,9,2,,57,257,,17
052350_3..S01R::1404705600.0,268,117,14,-25,16,8,12,14,71,9,298,-9,-64,93,49,21,40,37,45,-3,10,13,38,7,1,-6,22,10,24,96,45,22,427,2
052950_3..S01R::1404705600.0,1151,-1,135,7,21,18,17,-9,11,-35,-55,47,-185,10,54,11,,31,5,11,9,9,8,25,2,95,10,7,-4,467,7,-9,155,19
053850_3..S01R::1404705600.0,208,17,19,22,38,-11,27,-1,41,25,144,14,-98,5,0,15,74,23,32,2,7,0,190,25,49,822,36,18,-1,23,0,32,8,-12
054650_3..S01R::1404705600.0,,,,,,,,,-169,,,,,,,,,,,,,,,,,,,,,,,,,
055350_3..S01R::1404705600.0,36,7,1,-4,22,56,53,20,71,4,242,7,244,31,69,31,118,60,51,171,13,19,22,6,24,9,44,-12,13,358,-12,29,10,-13
055950_3..S01R::1404705600.0,83,5,20,-3,6,5,18,-7,11,11,286,1,14,5,54,7,64,40,17,17,6,-6,70,16,12,318,64,-10,10,5,2,2,257,9
056650_3..S01R::1404705600.0,,,,,,,36,2,-19,,,,,,51,22,,,,,2,,,,142,,34,,,,36,,,
057450_3..S01R::1404705600.0,351,11,33,10,31,6,18,13,11,17,292,-11,63,12,74,8,58,-19,36,10,8,12,28,22,27,2,10,-27,-10,192,16,27,46,-11
058250_3..S01R::1404705600.0,286,185,99,11,-1,8,-7,8,-49,2,252,8,-169,8,24,2,49,28,12,200,9,4,12,9,-25,-6,78,-5,21,336,10,-31,261,7
059050_3..S01R::1404705600.0,,,,,,,,,-529,,,,,,,,,,,,,,,,,,,,,,,,,
059950_3..S01R::1404705600.0,209,1,123,-6,43,28,-6,-8,11,2,223,20,-155,-23,2,2,107,28,6,16,6,2,50,12,13,11,11,12,-35,23,-5,40,-5,13
060500_3..S01R::1404705600.0,261,9,2,10,4,-7,3,21,131,7,391,-30,-178,10,19,-20,74,34,53,8,17,-2,45,-6,5,-16,-6,-15,14,-4,52,7,24,100
061300_3..S01R::1404705600.0,,,,,,,,,-79,,,,,,,,,,,,,,,,,,,,,,,,,
062100_3..S01R::1404705600.0,323,-13,2,6,21,35,7,0,131,30,351,2,-77,-3,14,13,84,21,5,12,11,28,-18,-1,8,0,15,13,8,-11,15,2,22,2
062950_3..S01R::1404705600.0,,,,,,,18,2,11,,,,,,-77,9,,,,,3,,,,14,,10,,,,1,,,
063750_3..S01R::1404705600.0,,,,,,,,,-19,,,,,,,,,,,,,,,,,,,,,,,,,
064550_3..S01R::1404705600.0,,,,,,,,,131,,,,,,,,,,,,,,,,,,,,,,,,,
065350_3..S01R::1404705600.0,5,-20,-22,-7,33,-11,-12,1,-199,2,491,-2,-105,6,194,4,65,58,12,1,-21,-16,215,0,-20,8,-6,-15,-14,17,4,3,-8,-9
066150_3..S01R::1404705600.0,,,,,,,,,281,,,,,,,,,,,,,,,,,,,,,,,,,
064350_3..S01R::1404705600.0,141,0,0,8,7,12,-1,-15,-49,11,190,-3,-68,12,7,12,88,10,16,8,6,11,26,22,0,14,23,1,-6,8,9,40,13,20
066950_3..S01R::1404705600.0,104,-19,-3,1,22,10,21,16,-109,11,285,3,-88,13,21,-2,73,28,2,15,-5,9,36,15,17,0,76,7,-4,3,15,23,122,16
067750_3..S01R::1404705600.0,108,-15,-10,10,12,18,-3,8,-19,9,204,13,-80,15,4,-20,93,96,-2,14,-13,9,7,-27,-51,-15,72,-10,-78,-4,2,5,308,-6
068550_3..S01R::1404705600.0,225,-2,-23,14,-4,19,6,-4,191,-2,299,-10,-92,25,28,18,76,48,13,12,-18,3,23,18,11,-10,25,0,-5,-6,-10,20,6,-8
065600_3..S01R::1404705600.0,111,-9,-3,8,-2,3,-10,13,11,19,347,-7,15,11,45,8,72,56,15,27,-17,12,6,24,11,34,9,1,-7,-9,-14,2,295,22
069350_3..S01R::1404705600.0,29,9,-26,-4,35,8,7,2,-19,15,194,-8,-123,14,86,-3,57,5,3,6,-4,1,22,15,-14,-10,63,-2,-11,-5,-16,15,-5,-10
070150_3..S01R::1404705600.0,11,-12,-16,11,25,17,8,21,11,22,356,-3,-80,5,35,4,57,39,26,-6,-5,-11,12,35,16,2,18,-34,12,7,-2,23,9,-30
070950_3..S01R::1404705600.0,-7,15,-11,25,24,17,38,23,41,22,170,-20,-89,21,35,9,69,24,21,27,6,-21,31,13,-8,19,-20,2,16,9,32,33,3,-4
071750_3..S01R::1404705600.0,61,2,97,-4,10,34,1,-38,-49,0,179,6,-62,-7,16,-11,74,27,2,4,11,-2,-1,12,7,-14,4,-5,-8,-9,39,6,-9,-11
072550_3..S01R::1404705600.0,,,,,,,,,41,,,,,,,,,,,,,,,,,,,,,,,,,
073350_3..S01R::1404705600.0,1,1,-18,20,25,25,24,13,-49,-2,15,19,-12,-3,19,8,57,11,10,4,11,54,24,22,7,10,148,1,-5,9,-8,21,197,-5
074150_3..S01R::1404705600.0,10,0,-7,13,14,18,18,27,11,7,240,-2,-66,-5,36,3,78,-23,-4,-14,-19,-1,45,-54,-54,-6,-9,-20,13,-1,-4,18,-1,-13
074950_3..S01R::1404705600.0,-14,6,-23,19,2,8,2,11,-79,1,158,-6,-88,16,23,6,75,9,22,4,7,14,25,-72,1,6,174,8,3,13,0,5,137,6
075750_3..S01R::1404705600.0,26,6,20,-1,30,21,21,13,-79,16,30,-2,-73,1,37,30,76,38,34,12,22,-1,29,29,2,5,49,3,18,5,10,14,0,12
076550_3..S01R::1404705600.0,14,-1,52,-4,16,9,-108,15,-19,0,3,4,-36,15,8,7,107,37,2,4,9,-6,19,47,3,8,-2,-32,-7,13,60,8,8,-7
077350_3..S01R::1404705600.0,3,2,9,-10,-2,17,-1,-3,11,3,-7,-3,-92,14,33,-7,68,19,16,-5,-4,13,14,7,14,13,78,-6,-9,-14,15,220,-5,18
078150_3..S01R::1404705600.0,-18,-5,-15,8,5,6,1,-5,-79,-5,156,11,-69,16,39,-10,64,0,12,5,-7,8,22,25,21,3,119,-27,0,11,-23,1,15,-3
078950_3..S01R::1404705600.0,3,22,-36,19,32,21,2,26,-19,-2,18,18,-83,47,29,4,83,17,-35,-36,5,19,26,36,-4,0,25,0,-6,3,88,14,-3,19
079750_3..S01R::1404705600.0,13,6,-15,13,14,16,15,20,11,-18,23,9,-72,16,20,1,61,12,18,18,16,11,10,22,30,22,-3,-40,12,23,24,25,40,4
080550_3..S01R::1404705600.0,-4,-8,-23,-37,9,17,-2,-1,11,23,17,6,-69,15,12,-7,93,234,17,-2,-49,-6,53,9,18,3,67,11,-1,11,-5,13,20,-4
081350_3..S01R::1404705600.0,-1,6,-17,3,-4,5,5,5,-19,14,23,2,-86,-12,48,8,67,6,-10,-8,-17,-3,11,85,10,7,51,-7,-10,7,-5,-7,-13,-8
082150_3..S01R::1404705600.0,-1,-10,-13,-1,14,-4,-3,2,-19,25,109,19,-81,0,48,-3,81,1,23,-12,-10,7,-4,2,12,2,89,-10,0,6,-17,24,-10,-10
082950_3..S01R::1404705600.0,23,-6,-14,21,35,8,42,4,-19,7,131,14,-105,16,-8,10,60,12,10,-7,10,-9,4,7,6,5,60,-12,9,5,-4,3,13,-1
083750_3..S01R::1404705600.0,21,7,-14,10,11,25,-26,-7,281,12,-1,12,-63,-4,19,13,43,-5,22,25,-23,5,19,12,-38,-5,23,19,7,-4,48,8,23,-2
084550_3..S01R::1404705600.0,,,,,,,,,341,,,,,,,,,,,,,,,,,,,,,,,,,
085350_3..S01R::1404705600.0,-6,13,3,3,2,21,3,14,-229,14,47,32,-84,2,-6,4,63,8,16,15,5,-7,57,21,1,-4,0,1,-4,7,21,-26,-16,-8
086150_3..S01R::1404705600.0,-12,-5,15,6,4,18,33,5,11,0,11,10,50,23,14,31,55,9,19,9,2,-2,-23,7,-4,16,16,11,2,-4,-13,27,7,-29
086950_3..S01R::1404705600.0,-1,-4,21,-7,12,2,1,0,-19,-1,15,-1,-73,41,-19,-11,122,47,-2,9,-14,28,150,-10,10,17,10,-39,11,-9,10,9,-6,6
087750_3..S01R::1404705600.0,-10,-15,17,9,21,19,24,17,-49,12,9,14,39,-7,29,8,69,31,10,5,7,12,162,11,5,17,23,-6,18,-1,4,-3,10,5
085600_3..S01R::1404705600.0,-8,6,33,34,7,12,-7,7,-139,-4,12,7,62,-10,15,-1,42,-7,0,2,4,-10,12,-10,1,7,-3,9,-7,-10,4,1,7,25
088550_3..S01R::1404705600.0,17,14,11,8,5,6,25,-2,-19,43,446,17,65,-15,29,-9,56,7,18,-23,24,2,92,12,14,-12,5,-7,-10,-5,11,4,5,-10
089500_3..S01R::1404705600.0,27,24,105,7,-7,8,4,11,-49,-4,322,32,-140,-4,36,-2,40,32,12,2,15,14,22,3,16,2,15,-18,7,-2,7,2,1,-35
090400_3..S01R::1404705600.0,172,13,-1,8,55,32,13,9,-79,17,-18,13,-117,16,36,-38,52,4,37,3,-5,9,96,19,17,15,2,-6,13,-15,8,40,19,13
091200_3..S01R::1404705600.0,18,8,31,-6,6,28,7,-1,41,19,93,-7,-5,-4,15,24,71,38,20,-5,14,-3,77,21,6,-19,20,0,19,5,-34,12,-20,8
091800_3..S01R::1404705600.0,9,-3,-15,-15,22,29,10,-2,-19,-6,-1,-7,55,-8,56,23,63,-5,40,-23,8,-16,54,6,5,13,20,-9,-7,-11,-9,18,-1,-9
088500_3..S01R::1404705600.0,,,,,,,,,11,,,,,,,,,,,,,,,,,,,,,,,,,
092200_3..S01R::1404705600.0,-1,11,10,2,17,-27,56,13,11,13,17,-3,-104,7,1,6,35,12,19,4,5,-8,112,5,0,11,2,8,-1,-9,4,26,-2,0
092750_3..S01R::1404705600.0,-89,-6,23,5,11,0,20,12,11,2,95,4,-21,2,25,2,62,136,3,22,28,5,3,25,21,23,9,-2,18,-94,-46,4,18,11
093600_3..S01R::1404705600.0,4,-7,-35,24,-4,11,6,7,71,-38,14,24,-48,8,35,-2,45,33,-3,2,-37,7,172,25,21,4,-2,17,2,3,-78,18,3,22
094400_3..S01R::1404705600.0,-3,8,42,9,9,-5,-3,-3,101,7,75,13,7,1,50,-5,48,25,4,-4,-3,-1,72,17,-7,2,0,-6,-74,8,-201,-26,-11,-21
095300_3..S01R::1404705600.0,10,12,41,6,6,8,10,-6,-19,14,-13,17,-109,-8,79,-8,63,9,-3,6,-8,-27,124,16,-7,-13,-9,-3,-8,-5,-22,39,4,-10
096100_3..S01R::1404705600.0,-4,6,88,-2,1,13,-23,-14,11,-26,11,6,-30,8,106,13,46,40,23,11,-16,-1,2,7,-12,10,12,14,1,14,-29,35,22,2
096800_3..S01R::1404705600.0,13,-2,1,21,5,18,-8,16,-19,3,124,-9,76,-3,118,-2,66,217,-4,-4,0,-12,71,12,-23,7,5,-9,-12,15,-6,35,22,14
097500_3..S01R::1404705600.0,,,,,,-23,7,12,131,,,,,12,-6,24,,,,,-17,,-16,,13,,25,,,,-2,,,
098200_3..S01R::1404705600.0,,,,,,,9,3,11,,,,,,-61,12,,,,,22,,,,6,,-10,,,,1,,,
098900_3..S01R::1404705600.0,,,,,,22,19,-17,11,,,,,10,22,11,,,,,-6,,138,,-38,,-15,,,,-3,,,
099500_3..S01R::1404705600.0,,-4,35,27,19,13,170,-9,11,-3,,15,-23,3,75,-11,,52,29,,-10,2,25,42,-8,,-5,-1,22,,0,15,,-15
100100_3..S01R::1404705600.0,-3,51,-17,-12,-3,33,-5,-14,-19,-12,267,-5,6,13,386,10,51,17,13,10,11,14,38,0,4,28,11,9,-29,16,-2,-7,-12,4
100700_3..S01R::1404705600.0,274,-3,34,-4,48,40,448,0,11,-1,96,-14,16,16,134,-12,48,55,38,21,8,-1,28,22,-7,-12,-6,-4,-12,-6,71,25,1,15
101350_3..S01R::1404705600.0,,,,,,,,,3611,,,,,,,,,,,,,,,,,,,,,,,,,
102050_3..S01R::1404705600.0,,,,,,,,,-199,,,,,,,,,,,,,,,,,,,,,,,,,
102750_3..S01R::1404705600.0,134,10,20,4,15,31,16,15,11,23,66,6,33,1,29,7,56,45,26,-3,0,10,19,11,193,6,0,-13,4,-22,0,32,88,3
103450_3..S01R::1404705600.0,,,,,,,,,5951,,,,,,,,,,,,,,,,,,,,,,,,,
104150_3..S01R::1404705600.0,,,,,,,,,5531,,,,,,,,,,,,,,,,,,,,,,,,,
101750_3..S01R::1404705600.0,73,10,53,5,24,33,5,1,-49,5,118,17,6,24,206,1,70,36,-3,2,15,-6,17,-14,8,9,89,-3,-11,-14,-7,5,386,51
104900_3..S01R::1404705600.0,,,,,,,,,-619,,,,,,,,,,,,,,,,,,,,,,,,,
103750_3..S01R::1404705600.0,-6,14,20,19,18,30,50,21,11,25,11,13,21,26,57,38,64,55,23,-21,-23,4,26,7,16,12,24,8,21,-1,16,3,25,8
105700_3..S01R::1404705600.0,1,16,27,0,31,4,15,-3,-49,25,11,11,56,15,51,-25,59,-8,25,1,-8,20,41,27,9,-23,-2,22,23,2,43,27,-2,24
106500_3..S01R::1404705600.0,-15,6,17,4,22,0,-5,-2,-259,10,103,10,-7,4,160,-2,41,42,6,-20,2,4,190,10,0,-10,2,11,2,13,-11,-26,-13,-1
104750_3..S01R::1404705600.0,6,18,198,-5,31,24,9,13,41,23,23,10,31,11,-10,18,25,24,32,9,32,2,-17,13,12,7,-12,6,12,4,26,8,0,22
107300_3..S01R::1404705600.0,7,6,32,18,8,9,16,14,-19,9,322,-11,29,13,36,-5,68,12,12,-94,14,13,47,12,-3,19,3,-8,13,-7,3,5,-1,24
108100_3..S01R::1404705600.0,6,7,11,10,2,-16,-15,7,-49,16,230,-7,31,14,123,21,33,34,-8,-5,0,12,3,2,-3,27,4,5,-3,-9,25,0,3,-9
108900_3..S01R::1404705600.0,4,-10,10,16,9,18,13,24,71,22,364,19,73,36,80,12,40,29,27,-1,13,35,40,22,7,3,-2,11,25,-27,5,17,0,7
109700_3..S01R::1404705600.0,408,11,26,-15,-27,29,1,22,191,11,4,-3,11,-89,13,10,37,19,-3,-32,-18,15,6,0,10,-12,18,-13,13,-5,6,8,9,12
099500_3..S::1404705600.0,39,,,,,,,,,,85,,1241,,,,53,,,43,,,,,,,,,,4,,,,
110500_3..S01R::1404705600.0,9,11,23,7,17,14,30,12,-49,-16,174,5,26,12,50,6,53,28,28,12,-8,5,20,20,17,7,6,-4,13,8,-13,16,44,5
111300_3..S01R::1404705600.0,2,-7,18,19,26,30,25,-2,-139,-1,46,-10,11,37,147,15,70,6,40,2,7,-4,11,22,-1,-4,23,9,22,-5,17,29,1,15
112100_3..S01R::1404705600.0,20,-6,16,12,-23,28,11,-14,11,2,0,14,37,23,25,6,63,35,11,14,-9,14,36,25,-17,22,-1,-13,9,8,-30,-7,14,3
112900_3..S01R::1404705600.0,8,2,14,9,2,0,9,8,131,-30,210,-8,-4,3,19,1,63,14,11,-23,0,8,25,18,-4,15,32,2,-5,-9,-5,40,-1,-10
113700_3..S01R::1404705600.0,13,9,9,20,27,26,-1,-8,131,12,0,0,3,13,28,17,55,48,34,26,13,1,48,15,4,14,17,19,-24,12,8,13,10,3
114500_3..S01R::1404705600.0,3,9,0,-7,-4,13,11,10,71,9,-12,-10,29,39,57,3,52,5,-4,-33,-21,-118,24,28,8,7,17,2,-6,-16,-13,40,-26,-7
115300_3..S01R::1404705600.0,7,-17,22,23,7,12,9,-33,-49,23,51,-4,48,-20,49,-17,54,37,-11,3,-4,-7,33,5,18,7,-1,10,-2,5,55,11,6,-6
116100_3..S01R::1404705600.0,18,3,2,-1,2,13,10,18,131,10,4,-34,70,-12,31,1,30,15,14,19,-6,9,26,6,11,18,-5,14,2,16,76,31,16,-8
116900_3..S01R::1404705600.0,-4,2,24,-11,15,10,17,7,101,6,-16,-56,-1,17,24,0,69,12,7,-11,-2,-10,3,4,-45,-12,-35,8,2,-7,14,-7,-5,1
117700_3..S01R::1404705600.0,88,-17,31,-13,27,19,22,7,131,9,108,16,13,6,19,3,64,20,12,20,-3,-11,23,18,-39,-3,-3,-8,11,2,-13,-22,-14,11
118500_3..S01R::1404705600.0,59,-13,21,6,-16,17,-6,-35,11,12,3,-10,17,2,86,1,59,43,6,0,-22,0,52,18,10,-12,36,-3,-5,-4,13,3,-15,-4
119200_3..S01R::1404705600.0,0,9,12,-5,8,-3,10,-18,41,8,49,2,3,1,3,8,43,30,-5,7,9,-5,19,6,8,-10,-9,14,3,-1,1,6,9,-5
120100_3..S01R::1404705600.0,51,-3,15,2,6,0,3,15,-19,0,105,10,33,3,90,11,54,1,-7,-34,-14,-1,6,20,15,12,-19,4,-1,-20,7,2,14,-1
121000_3..S01R::1404705600.0,,,,,,,,,131,,,,,,,,,,,,,,,,,,,,,,,,,
122000_3..S01R::1404705600.0,,,,,,,,,-259,,,,,,,,,,,,,,,,,,,,,,,,,
123000_3..S01R::1404705600.0,26,-21,17,-6,-19,-6,3,-6,11,30,154,-2,27,3,44,-12,47,15,14,18,-8,-8,21,10,-15,-7,10,6,15,-7,-8,4,22,9
124000_3..S01R::1404705600.0,6,18,28,2,6,11,3,16,-19,22,17,3,10,19,35,7,72,26,16,18,-5,20,25,22,19,13,26,-3,16,10,14,48,11,10
121500_3..S01R::1404705600.0,-2,-15,38,25,22,15,8,-2,11,13,74,-3,20,-4,43,24,34,19,12,14,-13,-10,109,15,-12,23,9,-41,-6,-7,-28,17,-3,-36
125000_3..S01R::1404705600.0,-9,3,6,-3,20,9,10,-9,-19,2,12,-4,-4,21,15,-9,71,24,9,-2,-36,-5,74,10,-16,14,5,-10,16,-6,17,16,9,9
126000_3..S01R::1404705600.0,17,-56,26,18,32,16,15,-2,11,8,0,12,-15,45,45,16,54,30,33,8,10,19,41,15,-4,19,6,5,17,17,-35,18,15,6
127200_3..S01R::1404705600.0,6,4,13,9,12,31,-35,-16,-19,12,14,-35,11,10,7,11,50,35,-5,-15,-13,-7,22,10,22,-7,5,-42,7,-5,7,46,3,36
128400_3..S01R::1404705600.0,11,-9,19,23,3,7,21,23,-49,28,2,-7,14,7,39,4,55,15,-22,17,6,0,26,22,0,-3,30,-5,14,3,7,18,4,8
129600_3..S01R::1404705600.0,-7,6,12,-5,13,12,23,16,-19,5,7,0,2,-98,24,11,64,-2,1,-4,15,-9,86,5,8,6,1,-9,13,14,5,7,17,9
130800_3..S01R::1404705600.0,14,18,24,-17,26,15,22,-35,11,23,-1,-11,7,24,34,-16,67,58,-19,16,11,15,14,24,2,11,0,2,-36,12,106,0,11,-8
132050_3..S01R::1404705600.0,9,-8,13,-9,4,16,0,-16,41,-8,-2,13,12,29,29,11,50,25,-3,5,4,-4,6,-1,-3,-8,18,13,5,-2,10,3,-2,-2
133350_3..S01R::1404705600.0,-7,5,2,-13,9,-9,29,19,41,4,11,-7,-4,30,1,7,59,14,2,-5,13,15,1,-6,4,-25,7,10,2,13,-3,2,16,2
134650_3..S01R::1404705600.0,3,9,-57,7,2,16,-8,-3,-19,9,-10,67,7,-1,90,-9,42,11,-7,-13,-2,10,66,6,-2,3,-4,-8,12,13,-17,30,-8,-13
135850_3..S01R::1404705600.0,10,3,16,-31,13,14,28,0,-19,3,1,2,-3,-3,67,-5,46,-3,5,14,-1,12,58,6,-6,-1,-4,-11,8,1,-15,9,8,8
137050_3..S01R::1404705600.0,,0,12,1,5,4,-75,0,-19,-48,,23,12,-10,24,-2,,-17,10,-14,-9,7,30,39,12,,-1,,-116,,107,21,,1
138250_3..S01R::1404705600.0,,,37,9,7,8,-146,-6,161,-27,,,,1,60,17,,28,-12,,14,11,56,19,0,,20,-5,-10,,8,9,,35
140250_3..S42R::1404705600.0,,,,,,,-248,10,-19,,,,,,-86,3,,,,,0,,,,10,,3,,,,-7,,,
142650_3..S42R::1404705600.0,,,,,,,,17,-79,,,,,,,-59,,,,,,,,,3,,-77,,,,39,,,
000250_3..S42R::1404792000.0,,,,,,,-274,-7,-19,,,,,,24,-13,,,,,-2,,,,-4,,46,,,,6,,,
137050_3..S01R::1404792000.0,18,,,,,,,,,,4,,,,,,49,,,,,,,,,13,,,,17,,,16,
138250_3..S01R::1404792000.0,1,4,,,,,,,,,79,,24,,,,49,,,20,,,,,,-7,,,,-1,,,-3,
142650_3..S42R::1404792000.0,,,,,,,-262,,,,,,,,13,,,,,,,,,,,,10,,,,,,,
030250_3..S01R::1404792000.0,,,,,34,18,1,-13,341,,,,,-7,13,13,,,13,,-18,,47,,10,,49,,,,11,18,,
031300_3..S42R::1404792000.0,,,,,,,,,281,,,,,,,,,,,,,,,,,,,,,,,,,
031750_3..S01R::1404792000.0,0,0,25,6,22,-4,-4,-1,191,-7,-8,0,-3,-16,13,-6,64,33,10,8,1,13,-17,-10,-2,-6,-7,8,7,5,6,12,-11,1
033150_3..S01R::1404792000.0,-33,-19,-44,-3,17,-21,7,12,251,9,-5,-18,-48,13,14,2,57,6,-1,-13,6,-4,29,24,2,5,14,5,2,-95,19,17,-8,5
033550_3..S42R::1404792000.0,,,,,,,,,101,,,,,,,,,,,,,,,,,,,,,,,,,
034750_3..S01R::1404792000.0,-7,1,-10,-9,7,10,-4,-13,101,-2,-12,6,33,8,15,-15,57,0,-4,12,-6,12,11,8,-5,-6,-4,-7,-7,5,-22,2,-15,-4
035900_3..S01R::1404792000.0,-7,-6,16,-19,6,16,2,-10,-49,-18,196,-5,-91,0,96,-11,11,82,1,-9,16,-6,75,15,10,10,2,3,6,-7,4,14,10,-15
036900_3..S01R::1404792000.0,-6,4,3,-4,20,18,-2,18,11,3,130,7,-2,-6,11,1,60,28,2,-2,-2,-6,18,11,14,11,11,-3,18,16,4,13,-14,14
037900_3..S01R::1404792000.0,-9,18,-15,11,21,0,-25,-5,101,-11,13,9,7,-2,10,-14,42,-2,9,-1,-12,6,13,11,11,4,17,-10,13,10,12,-4,13,13
030250_3..S::1404792000.0,-20,10,-6,-10,,,,,,5,4,,40,,,,70,-2,911,-11,,,,17,,5,,3,-35,-14,,,2,-4
038900_3..S01R::1404792000.0,-7,-6,-2,4,10,15,3,3,41,-12,-14,-16,-7,11,42,-36,61,-19,25,-19,4,-5,23,21,-9,-3,11,3,4,2,-8,15,11,5
040150_3..S01R::1404792000.0,8,7,67,14,-1,20,6,18,11,4,27,-4,-26,-4,34,11,59,88,23,-6,3,5,93,18,-6,4,29,5,3,-98,2,14,-35,7
040900_3..S01R::1404792000.0,17,20,12,-2,-7,21,15,-12,-19,-9,93,12,7,-4,31,-19,55,23,15,7,-13,-11,58,20,11,-6,13,3,-2,-1,26,24,12,-2
041500_3..S01R::1404792000.0,-2,7,54,4,17,16,7,-12,-49,20,-11,-15,0,26,-1,13,-3,25,1,3,8,-3,34,-8,7,4,16,6,6,-17,-11,9,-11,10
042100_3..S01R::1404792000.0,-3,-9,15,-4,3,-9,22,-2,11,-11,-16,-80,50,3,1,-73,59,37,14,9,1,-12,75,23,0,-19,61,6,-1,10,5,7,,-3
043000_3..S01R::1404792000.0,-7,-4,20,3,6,1,2,-12,-19,-6,-13,15,-35,-3,58,-11,52,19,21,-1,-10,3,68,-9,18,-15,23,7,4,-2,15,-82,10,-11
043600_3..S01R::1404792000.0,12,7,166,15,-5,-20,-2,5,-19,-22,2,-4,3,1,91,-8,75,21,15,-10,-2,6,40,-6,-6,-1,84,-18,12,9,-4,7,12,13
044200_3..S01R::1404792000.0,-8,-8,8,9,27,17,24,3,71,-9,12,-62,13,2,75,-7,71,5,35,3,-6,14,33,16,15,12,-6,-33,-5,-12,17,7,-6,-35
044800_3..S01R::1404792000.0,0,17,26,-16,-1,25,39,6,-49,17,-9,-8,5,20,56,-1,62,35,8,-5,20,16,31,16,8,6,68,-2,-10,12,11,9,-9,19
045400_3..S01R::1404792000.0,1,9,18,-3,-20,29,11,-56,41,2,15,5,5,46,62,-87,41,-7,13,-16,7,12,31,-5,0,-2,3,5,4,-20,0,21,-8,5
046000_3..S01R::1404792000.0,3,-2,-44,-6,25,28,1,6,-49,3,-9,-6,17,28,69,15,52,34,29,-1,6,-9,97,19,22,15,20,3,-3,-12,5,20,-5,-2
046600_3..S01R::1404792000.0,8,-7,30,137,16,-2,18,-3,11,-7,-2,-11,22,-34,126,16,2,17,6,-4,14,13,114,17,9,12,-6,-11,13,-13,13,10,0,12
047400_3..S03R::1404792000.0,5,8,32,-10,32,13,27,4,,5,-6,-16,62,19,160,-16,-78,58,7,-4,19,30,77,8,2,7,51,-7,-10,-15,-139,8,-7,-11
047800_3..S01R::1404792000.0,14,-57,145,-10,19,28,33,9,-49,-32,2,-1,18,25,51,-4,46,13,-11,-7,-10,12,39,13,12,13,23,13,0,-90,73,25,4,89
048300_3..S01R::1404792000.0,-4,-10,116,14,15,-4,-2,10,-109,16,-10,-5,77,-4,69,-3,48,80,30,7,11,8,44,10,6,-6,19,-3,-3,6,-8,32,16,14
048750_3..S01R::1404792000.0,3,-2,16,12,24,17,39,14,71,-1,-43,-17,-105,7,57,13,45,37,33,9,3,12,31,13,25,18,88,-3,-7,-8,-10,10,-4,22
049150_3..S01R::1404792000.0,-13,-9,16,0,19,25,18,16,11,18,6,-26,40,20,18,-13,51,-35,36,-5,2,-4,13,17,-8,-17,24,,8,-6,99,27,-25,151
049800_3..S03R::1404792000.0,-1,-5,23,-55,4,24,29,21,,-7,-12,-14,-13,12,31,-11,71,3,33,-38,17,-7,30,-9,4,11,37,8,55,-8,101,32,2,32
049800_3..S01R::1404792000.0,-2,24,30,28,14,19,6,25,131,-34,-13,5,11,21,30,9,63,16,0,19,5,28,-3,26,21,-3,41,-11,15,4,13,27,-13,14
050550_3..S01R::1404792000.0,-22,25,4,13,54,24,18,21,-19,-4,178,17,13,25,53,10,146,57,1,0,-16,-13,15,12,11,-10,24,1,-6,6,80,2,-31,24
051150_3..S01R::1404792000.0,70,29,-23,8,19,14,30,16,101,5,-7,5,-106,16,27,5,42,7,21,22,0,13,-16,-15,18,50,17,-32,8,59,-28,16,64,56
051750_3..S01R::1404792000.0,60,-5,23,18,1,34,14,6,-49,-28,12,-27,-54,5,29,-8,59,36,38,60,14,-9,34,20,17,52,34,1,54,-3,122,10,,52
052350_3..S01R::1404792000.0,28,63,-17,11,3,37,35,13,11,15,62,13,14,23,185,5,13,6,17,70,-1,11,95,-4,-9,-19,38,11,2,,4,4,6,13
052950_3..S01R::1404792000.0,,,84,-14,11,3,29,34,11,16,264,3,-135,8,31,-4,63,27,14,-13,-4,8,66,-77,-8,-2,20,12,73,4,146,23,-17,76
053850_3..S01R::1404792000.0,-99,6,115,68,40,33,14,26,-19,-17,259,63,,-5,47,11,61,105,-6,,-8,2,50,36,-10,4,47,-66,,-3,34,16,-11,-3
054650_3..S01R::1404792000.0,222,,-194,-66,77,-7,-1,1,-49,,-12,,-77,1,59,-7,66,26,146,-16,-7,-91,11,7,22,-27,27,9,5,9,-4,12,2,-2
055350_3..S01R::1404792000.0,0,3,27,15,-90,17,22,-6,11,-12,-10,-7,56,-110,28,11,45,12,,12,14,9,175,-76,29,-7,19,,,22,-4,29,-4,16
055950_3..S01R::1404792000.0,11,-3,-22,,30,86,2,0,-19,-6,-4,,-67,83,149,21,58,34,3,-3,10,-27,41,3,2,6,23,12,3,23,-4,25,18,-29
056650_3..S01R::1404792000.0,12,15,-6,-2,-115,34,64,0,41,14,-31,12,-23,,97,-14,38,100,,-12,-11,-13,72,-72,11,-3,-80,11,6,6,-2,-2,20,7
057450_3..S01R::1404792000.0,-19,-3,29,,6,20,-10,-38,11,-7,4,-3,-63,21,96,-81,69,39,20,1,19,-2,-270,-6,72,11,67,-17,10,9,7,5,18,10
058250_3..S01R::1404792000.0,-6,0,-1,0,3,,-3,13,41,-3,216,-16,-213,12,-171,64,70,98,-10,-23,10,-9,72,32,,-20,79,2,3,17,56,,33,7
059050_3..S01R::1404792000.0,2,12,-18,15,11,20,8,33,-79,9,166,-13,54,-10,9,7,51,0,26,19,31,13,98,14,-1,-9,-254,1,-2,19,,25,6,-10
059950_3..S01R::1404792000.0,,,,,,,,,-109,,,,,,,,,,,,-49,,,,-79,,,,,,-79,,,
060500_3..S01R::1404792000.0,-7,-6,-22,-7,10,4,6,8,-289,2,9,-8,-164,-1,16,16,45,8,-10,-6,,-6,27,10,22,7,6,16,9,6,56,11,-15,6
061300_3..S01R::1404792000.0,-2,-1,-7,13,0,14,17,11,161,-7,-20,-14,64,-6,62,-18,43,44,15,-15,-13,17,49,14,-13,2,-7,-5,-5,12,-2,5,8,-1
062100_3..S01R::1404792000.0,-13,-35,-8,5,22,-3,42,-12,-19,7,6,-16,-67,9,11,13,75,365,1,13,9,1,29,-4,0,-11,118,9,8,13,14,10,25,11
062950_3..S01R::1404792000.0,-7,-16,-2,-4,71,0,12,-63,101,12,,37,-78,6,16,15,,7,20,5,-16,-4,12,3,-16,14,-7,-34,1,-9,9,1,35,-32
063750_3..S01R::1404792000.0,,5,2,-2,29,25,20,-61,11,7,,8,-69,0,3,-15,,98,-15,0,-7,-129,11,-63,-12,-14,48,0,22,,12,-3,,18
059900_3..S01R::1404792000.0,18,-10,-8,5,22,15,-126,,,18,-3,-20,-106,17,100,,18,11,10,3,,-2,27,1,,12,15,15,5,36,,14,40,3
064550_3..S01R::1404792000.0,,,1,-1,11,18,19,-1,71,24,,3,,-2,37,-9,,-4,26,,-8,5,17,6,15,,12,12,-1,,21,10,,-5
065350_3..S01R::1404792000.0,,,,-11,22,0,9,7,11,,,-11,,-7,77,-2,,17,10,,2,-11,17,14,-4,,52,-1,-99,,3,16,,
066150_3..S01R::1404792000.0,,,,,20,11,20,-12,101,,,,,16,35,11,,,9,,12,-133,37,,1,,4,,,,-1,1,,
066950_3..S01R::1404792000.0,,,,,,15,-11,-69,41,,,,,-4,51,41,,,,,9,,-4,,2,,-4,,,,10,,,
067750_3..S01R::1404792000.0,,,,,,-50,-6,-62,11,,,,,,5,-13,,,,,-13,,,,10,,34,,,,28,,,
068550_3..S01R::1404792000.0,,,,,,,,16,11,,,,,,,6,,,,,5,,,,-6,,-89,,,,-8,,,
069350_3..S01R::1404792000.0,,,,,,,,-9,-19,,,,,,,-117,,,,,,,,,,,,,,,24,,,
070150_3..S01R::1404792000.0,,,,,,,,,-169,,,,,,,,,,,,,,,,,,,,,,,,,
070950_3..S01R::1404792000.0,,,,,,,,,-649,,,,,,,,,,,,,,,,,,,,,,,,,
071750_3..S01R::1404792000.0,,,,,,,,,-1129,,,,,,,,,,,,,,,,,,,,,,,,,
072550_3..S01R::1404792000.0,,,,,,,,,-1609,,,,,,,,,,,,,,,,,,,,,,,,,
